feature,horizon,correlation_with_forward_excess_return,n
sox_mom_1m,1,-0.051229625674012166,239
sox_mom_1m,3,-0.03933057522707496,235
sox_mom_1m,6,-0.0056417312025591505,230
sox_mom_3m,1,-0.044527208104012186,235
sox_mom_3m,3,0.04960489232286218,231
sox_mom_3m,6,0.0524966561400184,226
sox_mom_12m,1,-0.026992804229673283,224
sox_mom_12m,3,-0.05118631224230543,220
sox_mom_12m,6,-0.10351097600173005,215
sox_realized_vol_1m,1,0.11482142639108307,229
sox_realized_vol_1m,3,0.16108719427563714,225
sox_realized_vol_1m,6,0.15156612573671324,220
nasdaq_ret_1m,1,-0.014889422306128369,240
nasdaq_ret_1m,3,-0.11534749673793976,236
nasdaq_ret_1m,6,-0.09787137054120824,231
vix_level,1,0.1532575201423947,241
vix_level,3,0.23481807871703336,237
vix_level,6,0.25115277346794,232
vix_chg_1m,1,0.02064987992974504,240
vix_chg_1m,3,0.04824812765787203,236
vix_chg_1m,6,0.067265638306171,231
term_spread,1,-0.00826194774808937,241
term_spread,3,-0.05401165411649158,237
term_spread,6,-0.0868708893135828,232
dollar_chg_1m,1,0.07957205219057462,240
dollar_chg_1m,3,0.06854474238578843,236
dollar_chg_1m,6,-0.00770537623885426,231
ip_growth_yoy,1,-0.07904579537118293,229
ip_growth_yoy,3,-0.1476388148561354,225
ip_growth_yoy,6,-0.20823943902576506,220
ip_growth_1m,1,-0.02353707673322643,240
ip_growth_1m,3,-0.14334600835916292,236
ip_growth_1m,6,-0.16916478608891847,231
cap_util_level,1,-0.11318505370839399,241
cap_util_level,3,-0.21244260150730254,237
cap_util_level,6,-0.273405219308142,232
cap_util_chg_3m,1,-0.06961882105176485,238
cap_util_chg_3m,3,-0.1318370623479906,234
cap_util_chg_3m,6,-0.2233220164890074,229
ppi_growth_yoy,1,0.07414585627527431,229
ppi_growth_yoy,3,0.1595646812574997,225
ppi_growth_yoy,6,0.25650895646690697,220
import_price_growth_yoy,1,-0.0373856416784207,228
import_price_growth_yoy,3,-0.039944482886250826,224
import_price_growth_yoy,6,-0.10974927060122802,219
export_price_growth_yoy,1,-0.06554597676456023,228
export_price_growth_yoy,3,-0.10350824052164066,224
export_price_growth_yoy,6,-0.09328824249491256,219
price_pressure_dispersion,1,-0.008670774437096351,228
price_pressure_dispersion,3,-0.007829051956349548,224
price_pressure_dispersion,6,-0.14050106622342223,219
electronics_inventory_growth_yoy,1,-0.00922484416794353,229
electronics_inventory_growth_yoy,3,-0.009543519629250983,225
electronics_inventory_growth_yoy,6,0.0003634340704303888,220
electronics_orders_growth_yoy,1,-0.06003892131104597,229
electronics_orders_growth_yoy,3,-0.1384887711604352,225
electronics_orders_growth_yoy,6,-0.21765231814486458,220
gpr_level,1,0.004202877125863436,241
gpr_level,3,-0.021054280390381687,237
gpr_level,6,-0.025262015762708295,232
gpr_chg_3m,1,0.05898283916655544,238
gpr_chg_3m,3,0.02305640696843705,234
gpr_chg_3m,6,-0.12401107016462953,229
