feature,coverage_ratio
sox_mom_1m,0.9717741935483871
sox_mom_3m,0.9556451612903226
sox_mom_12m,0.9112903225806451
sox_realized_vol_1m,0.9314516129032258
nasdaq_ret_1m,0.9959677419354839
vix_level,1.0
vix_chg_1m,0.9959677419354839
term_spread,1.0
dollar_chg_1m,0.9959677419354839
ip_growth_yoy,0.9516129032258065
ip_growth_1m,0.9959677419354839
cap_util_level,1.0
cap_util_chg_3m,0.9879032258064516
ppi_growth_yoy,0.9516129032258065
import_price_growth_yoy,0.9475806451612904
export_price_growth_yoy,0.9475806451612904
price_pressure_dispersion,0.9475806451612904
electronics_inventory_growth_yoy,0.9516129032258065
electronics_orders_growth_yoy,0.9516129032258065
gpr_level,1.0
gpr_chg_3m,0.9879032258064516
