feature,vif
sox_mom_1m,4.347912332150928
sox_mom_3m,2.2297284501004015
sox_mom_12m,2.765342000081071
sox_realized_vol_1m,2.444710155126557
nasdaq_ret_1m,5.39777448884282
vix_level,2.2643338000158235
vix_chg_1m,2.5173932128734506
term_spread,2.6147012219313797
dollar_chg_1m,1.4726833332500149
ip_growth_yoy,3.0319664807319757
ip_growth_1m,1.6373860647931822
cap_util_level,3.02977587502397
cap_util_chg_3m,2.120075510750555
ppi_growth_yoy,9.268243296910155
import_price_growth_yoy,8.48921371469443
export_price_growth_yoy,2.035773354394893
price_pressure_dispersion,2.8191903550556345
electronics_inventory_growth_yoy,2.8921028083859195
electronics_orders_growth_yoy,1.9158650736327332
gpr_level,3.5619047036399167
gpr_chg_3m,2.294418224292964
