,sox_mom_1m,sox_mom_3m,sox_mom_12m,sox_realized_vol_1m,nasdaq_ret_1m,vix_level,vix_chg_1m,term_spread,dollar_chg_1m,ip_growth_yoy,ip_growth_1m,cap_util_level,cap_util_chg_3m,ppi_growth_yoy,import_price_growth_yoy,export_price_growth_yoy,price_pressure_dispersion,electronics_inventory_growth_yoy,electronics_orders_growth_yoy,gpr_level,gpr_chg_3m
sox_mom_1m,1.0,0.5658723850000746,0.22556095531294942,0.08366631232426905,0.8284680520691418,-0.20535366675257938,-0.5215320410272166,-0.03683814838916491,-0.3929502627654224,-0.08024716132275701,0.0574015485870095,-0.09314432708158167,-0.0049410046863471386,0.08488460911546233,-0.005924922605527086,-0.09027991151656116,0.005771624951102241,-0.054709936357970446,-0.023063200163525213,0.10487875168540464,0.1483762485962556
sox_mom_3m,0.5658723850000746,1.0,0.45260409488597725,0.1258044297172351,0.47469938755558583,-0.27571345667430536,-0.2130797903377661,-0.05077099008234276,-0.16532814045570113,-0.14424988157625926,0.1222343353113242,-0.16411249063913927,0.08621318376029542,0.26066232608571677,0.13754908336021354,-0.1520819781168379,0.14099436707313986,-0.08677684553324522,-0.02622286521860232,0.07801313962738023,0.08164006210929879
sox_mom_12m,0.22556095531294942,0.45260409488597725,1.0,-0.05168304080892671,0.23950411502454266,-0.43897855671876174,0.03062064131913787,-0.06920180448580131,0.005715312855101602,0.16846663966418987,0.23336579063336313,0.029052727949495975,0.39652287827669874,0.42237645640230426,0.3810349075658861,-0.11764159734651246,0.3222945922985176,-0.4980776187095272,0.49243747881420524,0.20140854336818217,0.12491981586215813
sox_realized_vol_1m,0.08366631232426905,0.1258044297172351,-0.05168304080892671,1.0,0.05698894799799175,0.20772537180848338,-0.12266649220029964,-0.2425597076104229,-0.02390300686788879,-0.09394327316365571,-0.0013035379980517708,0.2397293025745206,-0.03804128449422563,0.5298207873917603,0.44670868171239964,-0.012698492119976005,0.42069641538005775,0.2621049389680128,-0.11558525628810938,0.3739146244528897,-0.03747700258045655
nasdaq_ret_1m,0.8284680520691418,0.47469938755558583,0.23950411502454266,0.05698894799799175,1.0,-0.41647378414296155,-0.6934802770061261,-0.08734356216754562,-0.5282308265809929,-0.07786658308851042,0.19046711256710247,-0.15558398214093871,0.06667317493187787,0.04760337431289138,0.004681891500243022,-0.04665401300860949,0.0026062040040672487,-0.0441612785569216,-0.017910059157752803,0.026685759988976432,0.008763528040053111
vix_level,-0.20535366675257938,-0.27571345667430536,-0.43897855671876174,0.20772537180848338,-0.41647378414296155,1.0,0.3262463705843798,0.2892277588866848,0.26721424938728416,-0.11110919522433559,-0.24825180222097804,0.13049224661349612,-0.21571873673445754,-0.10734448545957688,-0.1524256845713693,0.1088447448938379,-0.008644576558715797,0.3656650352539789,-0.3061441681495035,-0.14112352490948468,0.008483294545971812
vix_chg_1m,-0.5215320410272166,-0.2130797903377661,0.03062064131913787,-0.12266649220029964,-0.6934802770061261,0.3262463705843798,1.0,0.003972178547371985,0.5015008911569944,0.07230633914453087,-0.04113694726235049,0.07347739897566129,0.056094707986331746,-0.020442814738429637,-0.015547773813374306,0.002376670497976629,-0.001951966075392059,-0.044372259273142964,0.08605934234233824,-0.010407058994874416,-0.011125506638758087
term_spread,-0.03683814838916491,-0.05077099008234276,-0.06920180448580131,-0.2425597076104229,-0.08734356216754562,0.2892277588866848,0.003972178547371985,1.0,0.07301575499184428,0.252458490021618,0.08989689872044947,-0.2337411229923985,0.13768469912906797,-0.240533719093618,-0.09721303989591995,0.017754384234709205,-0.12721398953539695,0.009865544782744708,-0.10266226190752144,-0.3109158898044725,0.05287020827190657
dollar_chg_1m,-0.3929502627654224,-0.16532814045570113,0.005715312855101602,-0.02390300686788879,-0.5282308265809929,0.26721424938728416,0.5015008911569944,0.07301575499184428,1.0,-0.028649651814188354,-0.18630984797654274,0.05292223064069871,-0.1193028585860132,0.03421708702799944,-0.009770926331820192,0.01122859900628111,-0.023990094764966892,0.022751693993370698,0.03681070094001472,0.012215720368734221,0.014139785406285132
ip_growth_yoy,-0.08024716132275701,-0.14424988157625926,0.16846663966418987,-0.09394327316365571,-0.07786658308851042,-0.11110919522433559,0.07230633914453087,0.252458490021618,-0.028649651814188354,1.0,0.3480437209733007,0.287170713412978,0.49064624503446463,-0.2232651633438707,-0.0512815317281111,-0.15615681306027707,0.08077679372913156,-0.49574755028168266,0.45745095225773813,-0.06395705736918232,-0.008110298382341249
ip_growth_1m,0.0574015485870095,0.1222343353113242,0.23336579063336313,-0.0013035379980517708,0.19046711256710247,-0.24825180222097804,-0.04113694726235049,0.08989689872044947,-0.18630984797654274,0.3480437209733007,1.0,-0.06412227677785086,0.6050258239837172,-0.02152899806957523,0.0756347667116421,0.026939432753463614,0.0782461385881364,-0.25378005421326577,0.11832170571461718,-0.003094526566183261,0.035050996572972185
cap_util_level,-0.09314432708158167,-0.16411249063913927,0.029052727949495975,0.2397293025745206,-0.15558398214093871,0.13049224661349612,0.07347739897566129,-0.2337411229923985,0.05292223064069871,0.287170713412978,-0.06412227677785086,1.0,0.260171411818006,-0.02122005253037521,0.14625632602323804,0.27319976277881713,-0.011950226493769965,0.07761528675608508,0.3624391066839862,0.12087436790173231,0.02511820217702764
cap_util_chg_3m,-0.0049410046863471386,0.08621318376029542,0.39652287827669874,-0.03804128449422563,0.06667317493187787,-0.21571873673445754,0.056094707986331746,0.13768469912906797,-0.1193028585860132,0.49064624503446463,0.6050258239837172,0.260171411818006,1.0,-0.0406369525744968,0.09054232945017317,0.2002632277133393,0.1152138610789606,-0.40094879874010597,0.30314151468483763,-0.029888613536413363,0.036316980081845356
ppi_growth_yoy,0.08488460911546233,0.26066232608571677,0.42237645640230426,0.5298207873917603,0.04760337431289138,-0.10734448545957688,-0.020442814738429637,-0.240533719093618,0.03421708702799944,-0.2232651633438707,-0.02152899806957523,-0.02122005253037521,-0.0406369525744968,1.0,0.845148107539291,-0.14250556986828516,0.5996271491906806,-0.05351321379123608,0.11372762885345072,0.5815821590719694,0.039293980788382164
import_price_growth_yoy,-0.005924922605527086,0.13754908336021354,0.3810349075658861,0.44670868171239964,0.004681891500243022,-0.1524256845713693,-0.015547773813374306,-0.09721303989591995,-0.009770926331820192,-0.0512815317281111,0.0756347667116421,0.14625632602323804,0.09054232945017317,0.845148107539291,1.0,0.08023732956804898,0.6592815111767102,-0.12899017639633523,0.23755180734397197,0.493113026803844,0.001745440798185888
export_price_growth_yoy,-0.09027991151656116,-0.1520819781168379,-0.11764159734651246,-0.012698492119976005,-0.04665401300860949,0.1088447448938379,0.002376670497976629,0.017754384234709205,0.01122859900628111,-0.15615681306027707,0.026939432753463614,0.27319976277881713,0.2002632277133393,-0.14250556986828516,0.08023732956804898,1.0,-0.13220933647539823,0.12118335461367773,0.0048782542202035145,-0.1139226014665717,-0.030767644012735858
price_pressure_dispersion,0.005771624951102241,0.14099436707313986,0.3222945922985176,0.42069641538005775,0.0026062040040672487,-0.008644576558715797,-0.001951966075392059,-0.12721398953539695,-0.023990094764966892,0.08077679372913156,0.0782461385881364,-0.011950226493769965,0.1152138610789606,0.5996271491906806,0.6592815111767102,-0.13220933647539823,1.0,-0.24589060808302005,0.0952025266380292,0.32741370861419783,-0.0006401395434931766
electronics_inventory_growth_yoy,-0.054709936357970446,-0.08677684553324522,-0.4980776187095272,0.2621049389680128,-0.0441612785569216,0.3656650352539789,-0.044372259273142964,0.009865544782744708,0.022751693993370698,-0.49574755028168266,-0.25378005421326577,0.07761528675608508,-0.40094879874010597,-0.05351321379123608,-0.12899017639633523,0.12118335461367773,-0.24589060808302005,1.0,-0.5653731754701672,-0.10875094582516723,-0.030439825973816358
electronics_orders_growth_yoy,-0.023063200163525213,-0.02622286521860232,0.49243747881420524,-0.11558525628810938,-0.017910059157752803,-0.3061441681495035,0.08605934234233824,-0.10266226190752144,0.03681070094001472,0.45745095225773813,0.11832170571461718,0.3624391066839862,0.30314151468483763,0.11372762885345072,0.23755180734397197,0.0048782542202035145,0.0952025266380292,-0.5653731754701672,1.0,0.15666358918232406,0.06152950917173024
gpr_level,0.10487875168540464,0.07801313962738023,0.20140854336818217,0.3739146244528897,0.026685759988976432,-0.14112352490948468,-0.010407058994874416,-0.3109158898044725,0.012215720368734221,-0.06395705736918232,-0.003094526566183261,0.12087436790173231,-0.029888613536413363,0.5815821590719694,0.493113026803844,-0.1139226014665717,0.32741370861419783,-0.10875094582516723,0.15666358918232406,1.0,0.5423074965483616
gpr_chg_3m,0.1483762485962556,0.08164006210929879,0.12491981586215813,-0.03747700258045655,0.008763528040053111,0.008483294545971812,-0.011125506638758087,0.05287020827190657,0.014139785406285132,-0.008110298382341249,0.035050996572972185,0.02511820217702764,0.036316980081845356,0.039293980788382164,0.001745440798185888,-0.030767644012735858,-0.0006401395434931766,-0.030439825973816358,0.06152950917173024,0.5423074965483616,1.0
