max_abs_cusum,break_flag,feature
0.7796315811343113,False,sox_mom_1m
1.486660444617007,True,sox_mom_3m
2.7452410386067436,True,sox_mom_12m
3.0903323218020575,True,sox_realized_vol_1m
1.0683311096590713,False,nasdaq_ret_1m
2.2899740714269297,True,vix_level
0.5631730374857618,False,vix_chg_1m
4.9242046843904355,True,term_spread
0.7194229504969607,False,dollar_chg_1m
3.055003281201774,True,ip_growth_yoy
1.4567175452118624,True,ip_growth_1m
3.576599583659443,True,cap_util_level
0.8660563668636696,False,cap_util_chg_3m
3.8227605382419103,True,ppi_growth_yoy
2.974365470166908,True,import_price_growth_yoy
2.356683192554765,True,export_price_growth_yoy
2.113588173017026,True,price_pressure_dispersion
1.934921817798247,True,electronics_inventory_growth_yoy
2.039083444463866,True,electronics_orders_growth_yoy
4.2627893193592685,True,gpr_level
0.46659921464360576,False,gpr_chg_3m
1.4022035434410656,True,sox_excess_ret_h3
