reporter_iso,hs_family,hs_family_name,flow,months_attempted,months_retrieved,coverage_ratio,below_trust_threshold_0.70
USA,8542,integrated_circuits,M,248,248,1.0,False
USA,8542,integrated_circuits,X,248,248,1.0,False
USA,8486,semiconductor_equipment,M,248,248,1.0,False
USA,8486,semiconductor_equipment,X,248,248,1.0,False
KOR,8542,integrated_circuits,M,248,248,1.0,False
KOR,8542,integrated_circuits,X,248,248,1.0,False
KOR,8486,semiconductor_equipment,M,248,248,1.0,False
KOR,8486,semiconductor_equipment,X,248,248,1.0,False
TWN,8542,integrated_circuits,M,248,248,1.0,False
TWN,8542,integrated_circuits,X,248,248,1.0,False
TWN,8486,semiconductor_equipment,M,248,248,1.0,False
TWN,8486,semiconductor_equipment,X,248,248,1.0,False
JPN,8542,integrated_circuits,M,248,248,1.0,False
JPN,8542,integrated_circuits,X,248,248,1.0,False
JPN,8486,semiconductor_equipment,M,248,248,1.0,False
JPN,8486,semiconductor_equipment,X,248,248,1.0,False
DEU,8542,integrated_circuits,M,248,248,1.0,False
DEU,8542,integrated_circuits,X,248,248,1.0,False
DEU,8486,semiconductor_equipment,M,248,248,1.0,False
DEU,8486,semiconductor_equipment,X,248,248,1.0,False
NLD,8542,integrated_circuits,M,248,248,1.0,False
NLD,8542,integrated_circuits,X,248,248,1.0,False
NLD,8486,semiconductor_equipment,M,248,248,1.0,False
NLD,8486,semiconductor_equipment,X,248,248,1.0,False
CHN,8542,integrated_circuits,M,248,248,1.0,False
CHN,8542,integrated_circuits,X,248,248,1.0,False
CHN,8486,semiconductor_equipment,M,248,248,1.0,False
CHN,8486,semiconductor_equipment,X,248,248,1.0,False
SGP,8542,integrated_circuits,M,248,248,1.0,False
SGP,8542,integrated_circuits,X,248,248,1.0,False
SGP,8486,semiconductor_equipment,M,248,248,1.0,False
SGP,8486,semiconductor_equipment,X,248,248,1.0,False
