decision_date,NASDAQSOX,VIXCLS,DGS3MO,DGS10,DTWEXBGS,NASDAQCOM,IPG3344S,CAPUTLG3344S,PCU33443344,IZ3344,IY3344,A34SIS,A34HNO,mkt_rf,smb,hml,rmw,cma,rf,gpr,gpr_threats,gpr_acts,sox_close_thesis
2006-01-31,515.57,12.95,4.47,4.53,99.4311,2305.82,21.7009,81.2559,74.9,100.0,100.0,1.36,3988.0,-0.0024,-0.0025,0.0015,0.0018,0.002,0.0032,95.35025024414062,69.64460754394531,130.6789093017578,
2006-02-28,496.96,12.34,4.62,4.55,99.7695,2281.39,21.8082,81.0042,74.6,99.6,99.3,1.49,3603.0,0.030299999999999997,0.0583,0.009899999999999999,-0.0066,-0.0034999999999999996,0.0034999999999999996,94.51001739501953,89.32347106933594,100.19158172607422,
2006-03-31,472.71,11.39,4.63,4.86,100.56,2339.79,22.1027,81.465,74.3,99.4,98.3,1.34,3724.0,-0.003,-0.0046,-0.0031,-0.0054,0.019799999999999998,0.0034000000000000002,95.85819244384766,89.40576171875,102.79864501953125,
2006-04-30,516.91,11.59,4.77,5.07,98.1412,2322.57,21.9577,80.2916,74.6,99.5,98.2,1.37,4081.0,0.0147,0.0334,0.0060999999999999995,0.0003,-0.0044,0.0037,92.79762268066406,88.04222869873047,97.03602600097656,
2006-05-31,464.74,16.44,4.86,5.12,97.7705,2178.88,21.8225,79.1161,75.0,98.8,97.8,1.45,4394.0,0.0073,-0.0079,0.0226,0.0174,-0.0013,0.0036,89.01580047607422,85.9110107421875,92.8307113647461,
2006-06-30,441.72,13.08,5.01,5.15,98.2483,2172.09,21.9945,78.9569,75.2,98.8,97.4,1.39,3863.0,-0.0356,-0.028999999999999998,0.023799999999999998,0.0087,0.015300000000000001,0.0043,85.20877838134766,84.03312683105469,82.27742767333984,
2006-07-31,412.76,14.95,5.1,4.99,97.9996,2091.47,22.1243,78.4989,75.1,99.0,97.0,1.39,4058.0,-0.0034000000000000002,-0.0024,0.0085,0.0132,-0.0013,0.004,102.57276916503906,90.38453674316406,115.67947387695312,
2006-08-31,449.22,12.31,5.05,4.74,97.644,2183.75,22.1712,77.5817,75.3,99.1,96.2,1.46,4204.0,-0.0077,-0.036000000000000004,0.0262,0.016200000000000003,0.0084,0.004,137.13482666015625,134.39634704589844,142.0860595703125,
2006-09-30,454.7,11.98,4.89,4.64,98.1054,2258.43,22.9459,78.9783,75.3,99.0,94.8,1.42,3740.0,0.0203,0.0045000000000000005,-0.0195,-0.0181,0.021,0.0042,147.08111572265625,141.55645751953125,159.18817138671875,
2006-10-31,458.14,11.1,5.08,4.61,97.3901,2366.71,23.5311,79.4465,75.8,99.2,94.9,1.41,4208.0,0.0184,-0.0139,0.0007000000000000001,0.0078000000000000005,0.0046,0.0040999999999999995,111.72425842285156,110.28041076660156,114.77066802978516,
2006-11-30,479.02,10.91,5.03,4.46,96.5779,2431.77,23.8685,78.8206,75.5,99.6,94.8,1.46,4267.0,0.0322,0.0197,-0.0033,-0.0012,0.0032,0.0040999999999999995,113.13529968261719,125.2918930053711,99.27391815185547,
2006-12-31,467.92,11.56,5.02,4.71,97.0312,2415.29,24.1796,77.8873,75.4,99.8,94.7,1.42,3931.0,0.017,0.0062,0.0003,0.002,-0.008100000000000001,0.0042,88.77892303466797,87.27577209472656,86.71051025390625,
2007-01-31,458.93,10.42,5.12,4.83,97.964,2463.93,24.4525,76.659,75.6,99.4,94.6,1.43,4284.0,0.0085,-0.008100000000000001,0.0275,-0.006500000000000001,0.018799999999999997,0.004,90.60655975341797,95.78137969970703,78.7696533203125,
2007-02-28,473.55,15.42,5.16,4.56,97.2386,2416.15,24.6575,75.0835,75.4,99.3,94.1,1.45,4305.0,0.0138,0.0002,-0.0068000000000000005,0.0019,0.0036,0.0044,97.9200439453125,95.61344909667969,97.65373992919922,
2007-03-31,465.57,14.64,5.04,4.65,96.3183,2421.64,25.0646,74.0085,72.6,98.1,94.4,1.4,4424.0,-0.0196,0.013300000000000001,-0.0009,-0.0052,-0.0064,0.0038,96.16935729980469,98.1557388305664,90.95567321777344,
2007-04-30,492.94,14.22,4.91,4.63,94.8365,2525.09,26.0529,74.5074,71.6,97.3,94.5,1.42,4043.0,0.0070999999999999995,0.0014000000000000002,-0.0089,0.0055000000000000005,-0.0067,0.0043,87.33650207519531,86.1521224975586,83.9186019897461,
2007-05-31,488.26,13.05,4.73,4.9,94.3215,2604.52,27.0673,74.9455,71.5,95.3,95.0,1.4,4136.0,0.0349,-0.0208,-0.0144,0.0118,0.0101,0.0044,76.6133804321289,69.22551727294922,83.41928100585938,
2007-06-30,501.16,16.23,4.82,5.03,94.1393,2603.23,27.624,74.0883,70.7,95.0,95.0,1.4,4252.0,0.032400000000000005,0.0033,-0.0058,0.0147,-0.0124,0.0040999999999999995,92.5995864868164,82.30323028564453,103.89258575439453,
2007-07-31,499.08,23.52,4.96,4.78,93.4264,2546.27,28.404,73.8933,71.0,94.4,95.3,1.37,4022.0,-0.0196,0.006999999999999999,-0.0104,0.0049,0.0006,0.004,97.9723129272461,87.08059692382812,109.30941009521484,
2007-08-31,497.44,23.38,4.01,4.54,93.6674,2596.36,29.4484,74.4972,69.8,94.5,95.3,1.42,4304.0,-0.037200000000000004,-0.030699999999999998,-0.0371,0.0027,-0.0116,0.004,112.34625244140625,103.2634048461914,127.13468170166016,
2007-09-30,500.09,18.0,3.82,4.59,90.9446,2701.5,29.9392,73.8985,69.1,94.8,95.0,1.35,4346.0,0.009399999999999999,-0.0034000000000000002,-0.0189,-0.0126,-0.005699999999999999,0.0042,83.17320251464844,73.12574005126953,100.14825439453125,
2007-10-31,463.39,18.53,3.94,4.48,89.1389,2859.12,30.6273,74.0572,68.5,95.0,95.1,1.37,4047.0,0.0322,-0.0245,-0.0213,-0.0049,-0.029500000000000002,0.0032,94.4888687133789,94.93997955322266,92.24872589111328,
2007-11-30,414.58,22.87,3.15,3.97,89.6212,2660.96,31.9479,76.0151,67.8,95.0,94.7,1.39,4433.0,0.0179,-0.0005,-0.0282,-0.0032,0.0006,0.0032,101.47301483154297,103.61026763916016,97.49516296386719,
2007-12-31,408.04,22.5,3.36,4.04,89.6304,2652.28,33.2623,78.2437,67.5,95.3,95.1,1.35,4251.0,-0.048,-0.0291,-0.0109,0.0176,-0.0036,0.0034000000000000002,89.79544830322266,95.73847961425781,81.56842803955078,
2008-01-31,359.0,26.2,1.96,3.67,88.6547,2389.86,34.4632,80.524,66.9,94.8,95.7,1.35,3981.0,-0.0087,0.0019,-0.0048,0.0089,-0.010700000000000001,0.0027,94.96749114990234,98.5313720703125,84.13076782226562,
2008-02-29,348.05,26.54,1.85,3.53,87.1654,2271.48,34.629,80.737,66.7,91.6,95.7,1.32,4359.0,-0.0632,-0.0059,0.04019999999999999,0.021,0.0207,0.0021,81.49982452392578,76.40237426757812,83.74764251708984,
2008-03-31,343.94,25.61,1.38,3.45,86.6881,2279.1,35.8672,83.8318,66.7,91.5,96.2,1.36,4293.0,-0.030899999999999997,-0.0062,-0.0070999999999999995,0.010700000000000001,-0.0098,0.0013,80.75146484375,72.52851104736328,86.75279235839844,
2008-04-30,385.16,20.79,1.43,3.77,86.8907,2412.8,36.9496,86.9173,66.7,91.0,95.3,1.39,4550.0,-0.009399999999999999,0.0064,0.0034000000000000002,0.0087,0.004699999999999999,0.0017000000000000001,77.63613891601562,72.02967834472656,83.48439025878906,
2008-05-31,418.35,17.83,1.89,4.06,86.5504,2522.66,37.1894,88.3076,66.6,91.1,95.1,1.38,4187.0,0.0461,-0.012,-0.009899999999999999,0.0184,-0.025699999999999997,0.0018,71.9048080444336,69.45796966552734,69.99274444580078,
2008-06-30,,23.95,1.9,3.99,86.7621,2292.98,37.4433,89.8822,66.6,91.3,94.9,1.36,4155.0,0.0187,0.0301,-0.015700000000000002,0.009399999999999999,0.0014000000000000002,0.0018,72.57379913330078,70.67774963378906,74.78978729248047,
2008-07-31,,22.94,1.68,3.99,86.8567,2325.55,37.5504,91.1474,66.6,90.6,96.7,1.39,4395.0,-0.0843,0.0116,-0.024900000000000002,0.049699999999999994,-0.0069,0.0017000000000000001,87.54842376708984,88.88606262207031,80.34490203857422,
2008-08-31,,20.65,1.72,3.83,90.0567,2367.52,36.5835,89.7058,66.2,89.7,94.7,1.39,3737.0,-0.0075,0.0373,0.0521,-0.013999999999999999,0.009899999999999999,0.0015,89.73957061767578,84.3224868774414,88.16068267822266,
2008-09-30,,39.39,0.92,3.85,92.3773,2091.88,36.2134,89.4989,66.0,90.3,94.3,1.44,4068.0,0.015300000000000001,0.0327,0.0151,0.0182,0.0067,0.0013,88.55410766601562,75.76971435546875,105.06571197509766,
2008-10-31,,59.89,0.46,4.01,99.7662,1720.95,35.4506,88.0432,65.8,90.2,93.8,1.41,4238.0,-0.0935,0.0037,0.0565,0.0223,0.0172,0.0015,88.54255676269531,82.01426696777344,94.46100616455078,
2008-11-30,198.24,55.84,0.01,2.93,101.6468,1535.57,33.0694,82.2425,66.1,89.9,91.9,1.47,3556.0,-0.172,-0.0304,-0.0192,0.0273,0.0146,0.0008,64.15979766845703,53.11738967895508,75.28266143798828,
2008-12-31,212.17,40.0,0.11,2.25,98.6518,1577.03,29.6703,73.6221,65.8,89.6,91.9,1.52,3400.0,-0.0774,-0.0397,-0.0621,0.04650000000000001,0.024399999999999998,0.0003,79.08097076416016,68.30364990234375,95.14356231689453,
2009-01-31,208.26,44.84,0.24,2.87,102.1169,1476.42,26.4554,65.2616,65.4,89.4,91.8,1.45,3354.0,0.0177,0.033,0.0002,0.0011,-0.015600000000000001,0.0,92.3664321899414,83.84313201904297,109.21497344970703,
2009-02-28,199.0,46.35,0.26,3.02,104.9284,1377.84,25.7565,62.9394,64.8,88.1,91.8,1.62,2969.0,-0.0809,-0.0212,-0.1101,0.0032,-0.0124,0.0,85.36947631835938,86.31317138671875,89.7125473022461,
2009-03-31,230.91,44.14,0.21,2.71,102.3761,1528.59,26.4467,63.7908,65.0,87.7,93.3,1.62,2807.0,-0.1014,-0.011699999999999999,-0.0659,0.0105,-0.006,0.0001,67.45267486572266,64.77291107177734,64.58635711669922,
2009-04-30,258.54,36.5,0.14,3.16,100.1042,1717.3,27.437,65.1045,65.3,87.7,93.5,1.58,3040.0,0.0901,0.0060999999999999995,0.0347,-0.025699999999999997,-0.0204,0.0002,72.64462280273438,69.17710876464844,74.83297729492188,
2009-05-31,271.31,28.92,0.14,3.47,95.268,1774.33,28.1607,65.5411,65.4,88.2,94.9,1.63,2855.0,0.1017,0.0708,0.0537,0.0132,0.0033,0.0001,85.6884994506836,84.48536682128906,83.98128509521484,
2009-06-30,263.15,26.35,0.19,3.53,96.3761,1835.04,28.8107,65.6186,65.5,88.2,95.4,1.63,2756.0,0.052000000000000005,-0.0227,0.0043,-0.009399999999999999,-0.02,0.0,89.68086242675781,86.63702392578125,92.64315032958984,
2009-07-31,301.74,25.92,0.18,3.52,94.2526,1978.5,29.5193,65.6847,65.4,87.8,95.1,1.57,3077.0,0.0042,0.022799999999999997,-0.0278,-0.0139,-0.0036,0.0001,81.10958862304688,80.80081939697266,74.5913314819336,
2009-08-31,306.18,26.01,0.15,3.4,94.6202,2009.06,30.8125,66.9338,65.6,87.4,94.7,1.49,3057.0,0.0774,0.023,0.0489,-0.0026,0.0308,0.0001,83.43962097167969,82.10675048828125,80.12088012695312,
2009-09-30,325.75,25.61,0.14,3.31,93.1907,2122.42,31.7491,67.3416,65.5,87.6,94.8,1.51,3021.0,0.0333,-0.001,0.076,-0.0285,0.032799999999999996,0.0001,73.37187957763672,64.70917510986328,78.04385375976562,
2009-10-31,296.61,30.69,0.05,3.41,92.6207,2045.11,33.2342,68.8903,65.5,87.7,95.1,1.53,3261.0,0.0408,0.027200000000000002,0.0115,0.0115,0.0034000000000000002,0.0001,92.8399887084961,97.492919921875,77.7846450805664,
2009-11-30,310.05,24.51,0.06,3.21,91.3717,2144.6,34.4543,69.8892,65.6,87.5,92.5,1.48,2967.0,-0.0255,-0.048499999999999995,-0.0417,0.042199999999999994,-0.0148,0.0,90.57640075683594,88.22991180419922,90.4251480102539,
2009-12-31,359.91,21.68,0.06,3.85,92.9124,2269.15,35.6256,70.8235,65.7,87.8,92.4,1.49,3338.0,0.0558,-0.0276,-0.0033,0.009000000000000001,0.0,0.0,82.10176086425781,74.31538391113281,85.0097885131836,
2010-01-31,316.07,24.62,0.08,3.63,93.7638,2147.35,35.8859,70.0437,65.4,87.3,91.6,1.55,3257.0,0.0274,0.061399999999999996,-0.0011,0.0070999999999999995,-0.0006,0.0001,92.94691467285156,89.34334564208984,95.87136840820312,
2010-02-28,338.86,19.5,0.13,3.61,93.6602,2238.26,37.7084,72.3993,64.6,87.1,92.1,1.44,3573.0,-0.0335,0.004,0.0033,-0.0108,0.005,0.0,91.58102416992188,84.97299194335938,100.41094207763672,
2010-03-31,366.57,17.59,0.16,3.84,92.8987,2397.96,39.7907,75.3239,64.7,87.1,91.9,1.51,3586.0,0.0339,0.0149,0.0318,-0.0029,0.014199999999999999,0.0,80.72535705566406,78.84627532958984,80.71173858642578,
2010-04-30,376.07,22.05,0.16,3.69,92.8423,2461.19,41.8052,78.183,64.7,85.4,91.5,1.55,3500.0,0.063,0.0183,0.0219,-0.0060999999999999995,0.0174,0.0001,74.116943359375,73.49691009521484,70.03934478759766,
2010-05-31,355.66,32.07,0.16,3.31,96.3062,2257.04,43.3374,80.2064,64.6,85.3,91.4,1.45,3629.0,0.02,0.0496,0.0296,0.0060999999999999995,0.0174,0.0001,88.76158142089844,92.05691528320312,81.26840209960938,
2010-06-30,332.3,34.54,0.18,2.97,95.9934,2109.24,44.5459,81.675,64.6,85.4,90.8,1.5,3563.0,-0.079,0.0008,-0.0248,0.013000000000000001,-0.0023,0.0001,88.95870971679688,87.49411010742188,85.85739135742188,
2010-07-31,348.81,23.5,0.15,2.94,93.2793,2254.7,44.9888,81.7639,64.2,84.6,90.5,1.63,3515.0,-0.0557,-0.0242,-0.0473,-0.001,-0.0158,0.0001,96.45369720458984,110.69171905517578,70.9886245727539,
2010-08-31,307.49,26.05,0.14,2.47,94.7204,2114.03,45.9565,82.7699,64.3,85.0,89.7,1.49,3522.0,0.0692,0.0004,-0.0049,0.0016,0.0204,0.0001,79.38137817382812,75.18537902832031,84.04823303222656,
2010-09-30,349.24,23.7,0.16,2.53,91.3415,2368.62,46.8431,83.4755,63.8,85.4,89.4,1.54,3566.0,-0.04769999999999999,-0.030600000000000002,-0.0173,0.006,-0.016,0.0001,80.99386596679688,71.95153045654297,85.98257446289062,
2010-10-31,372.64,21.2,0.12,2.63,90.0935,2507.41,47.6073,83.7724,63.5,86.1,89.3,1.55,3480.0,0.0955,0.0365,-0.0302,-0.0019,0.0038,0.0001,71.16854858398438,68.94754028320312,69.29395294189453,
2010-11-30,390.12,23.54,0.17,2.81,92.1494,2498.23,48.4053,83.9254,63.2,85.8,88.7,1.55,3642.0,0.0387,0.0073,-0.0246,0.0128,-0.0038,0.0001,65.99193572998047,62.0961799621582,76.16891479492188,
2010-12-31,411.82,17.75,0.12,3.3,90.5146,2652.87,50.1826,85.5534,62.2,85.7,88.7,1.51,3681.0,0.0059,0.0354,-0.009000000000000001,0.0032,0.0179,0.0001,94.70516967773438,98.68914794921875,83.2665023803711,
2011-01-31,440.51,19.53,0.15,3.42,89.694,2700.08,52.5176,87.8843,61.9,85.3,89.7,1.58,3737.0,0.0682,0.0097,0.0356,-0.0342,0.0317,0.0001,97.20389556884766,100.3976821899414,91.7621078491211,
2011-02-28,458.62,18.35,0.15,3.42,88.9391,2782.27,53.7716,88.1823,61.9,85.2,90.1,1.53,3508.0,0.019799999999999998,-0.0231,0.0060999999999999995,-0.0064,0.008100000000000001,0.0001,79.42161560058594,76.59356689453125,78.8069839477539,
2011-03-31,437.36,17.74,0.09,3.47,88.0299,2781.07,54.1177,86.8521,62.2,85.3,90.1,1.56,3456.0,0.0348,0.0165,0.0118,-0.0183,0.0084,0.0001,90.01448822021484,90.18933868408203,85.48683166503906,
2011-04-30,449.56,14.75,0.04,3.32,85.5999,2873.54,53.7497,84.3143,62.1,84.7,88.9,1.65,3641.0,0.0046,0.0256,-0.0184,0.0173,-0.0007000000000000001,0.0001,136.8883056640625,126.96572875976562,157.47984313964844,
2011-05-31,439.6,15.45,0.06,3.05,86.656,2835.3,53.7194,82.2947,62.0,84.5,88.8,1.57,3812.0,0.028999999999999998,-0.0053,-0.024399999999999998,0.011200000000000002,-0.0086,0.0,91.01776885986328,72.92317962646484,111.94474029541016,
2011-06-30,410.35,16.52,0.03,3.18,86.4786,2773.52,54.0203,80.7806,62.0,84.4,88.5,1.61,3661.0,-0.0127,-0.0072,-0.018500000000000003,0.0192,-0.0143,0.0,105.34491729736328,95.50663757324219,123.82610321044922,
2011-07-31,386.94,25.25,0.1,2.82,85.7282,2756.38,54.2273,79.1473,62.1,85.5,89.0,1.66,3473.0,-0.0174,0.0006,-0.002,0.0227,-0.014199999999999999,0.0,84.391845703125,71.39112854003906,98.27275848388672,
2011-08-31,355.79,31.62,0.02,2.23,86.7739,2579.46,53.6659,76.4916,61.8,84.6,89.7,1.67,3405.0,-0.0235,-0.0111,-0.009000000000000001,0.0269,-0.0173,0.0,78.92475891113281,59.019046783447266,102.11175537109375,
2011-09-30,338.82,42.96,0.02,1.92,91.9998,2415.4,55.0189,76.6474,61.6,84.3,89.6,1.6,3629.0,-0.0596,-0.030899999999999997,-0.024300000000000002,0.0341,-0.0027,0.0001,86.95156860351562,63.504676818847656,112.49906158447266,
2011-10-31,386.49,29.96,0.01,2.17,89.2053,2684.41,54.9714,74.9342,60.9,83.8,89.7,1.65,3619.0,-0.0757,-0.0349,-0.015300000000000001,0.0199,0.0015,0.0,83.35044860839844,70.606689453125,95.26744079589844,
2011-11-30,373.32,27.8,0.01,2.08,91.4728,2620.34,54.7035,73.0624,61.1,83.3,90.4,1.64,3645.0,0.1134,0.0325,0.0006,-0.0225,-0.0072,0.0,76.33993530273438,64.18510437011719,92.34331512451172,
2011-12-31,364.44,23.4,0.02,1.89,92.4262,2605.15,55.2388,72.3971,60.7,83.1,90.4,1.64,3595.0,-0.0027,-0.003,-0.0052,0.0194,0.0144,0.0,83.15767669677734,95.57453155517578,70.11003875732422,
2012-01-31,408.94,19.44,0.06,1.83,90.5538,2813.84,55.9485,72.0739,60.2,84.0,91.1,1.72,3612.0,0.0075,-0.0029,0.0154,0.0106,0.024700000000000003,0.0,85.34132385253906,88.89408111572266,77.47647857666016,
2012-02-29,424.17,18.43,0.08,1.98,89.7487,2966.89,56.5696,71.7488,59.7,84.0,91.5,1.64,3390.0,0.050499999999999996,0.0202,-0.009300000000000001,-0.0206,-0.0148,0.0,79.63497161865234,93.6095962524414,62.06843185424805,
2012-03-31,438.64,15.5,0.07,2.23,90.4593,3091.57,57.7653,72.256,59.8,83.8,91.1,1.61,3556.0,0.044000000000000004,-0.0167,0.0042,-0.0036,-0.0007000000000000001,0.0,92.4458236694336,104.2074966430664,78.59986114501953,
2012-04-30,413.39,17.15,0.1,1.95,90.3634,3046.36,58.3927,72.1446,59.7,83.7,91.3,1.76,3504.0,0.0311,-0.0048,0.011899999999999999,-0.0060999999999999995,0.0069,0.0,88.75997924804688,87.85648345947266,85.85698699951172,
2012-05-31,368.37,24.06,0.07,1.59,94.6856,2827.34,59.087,72.2009,59.8,82.8,90.8,1.69,3321.0,-0.0084,-0.005,-0.0077,0.013000000000000001,0.006500000000000001,0.0,96.01668548583984,101.92078399658203,86.38436889648438,
2012-06-30,385.46,17.08,0.09,1.67,92.9096,2935.06,59.9974,72.5609,60.0,82.7,91.2,1.64,3511.0,-0.0617,-0.0008,-0.0095,0.0203,0.0235,0.0001,78.17115783691406,80.6348876953125,69.74354553222656,
2012-07-31,383.72,18.93,0.11,1.51,92.8422,2939.52,61.0013,73.0351,59.7,82.3,91.0,1.67,3258.0,0.039,0.009000000000000001,0.0055000000000000005,-0.0106,0.0044,0.0,77.82243347167969,70.23216247558594,82.17473602294922,
2012-08-31,396.18,17.47,0.09,1.57,92.1677,3066.96,60.6111,71.83,59.6,82.2,90.7,1.72,3133.0,0.0079,-0.0281,-0.0006,0.0103,0.0001,0.0,82.80802154541016,79.33626556396484,91.00080108642578,
2012-09-30,382.27,15.73,0.1,1.65,90.8342,3116.23,59.8824,70.1992,59.4,82.0,90.5,1.83,3291.0,0.0254,0.0043,0.0125,-0.015,-0.0085,0.0001,74.87835693359375,70.9891586303711,78.11161804199219,
2012-10-31,367.03,18.6,0.11,1.72,91.1609,2977.23,60.984,70.66,59.3,82.3,90.6,1.77,3306.0,0.0273,0.005699999999999999,0.0163,-0.013000000000000001,0.015700000000000002,0.0001,69.28050994873047,68.40282440185547,65.87126159667969,
2012-11-30,374.35,15.87,0.08,1.62,91.1038,3010.24,62.4098,71.3966,59.3,81.3,91.1,1.74,3362.0,-0.0176,-0.0083,0.0352,-0.013999999999999999,0.0252,0.0001,81.66366577148438,74.20600891113281,88.03089904785156,
2012-12-31,384.06,18.02,0.05,1.78,91.0834,3019.51,62.1728,70.1463,59.1,81.1,90.9,1.75,3378.0,0.0078000000000000005,0.004,-0.0087,0.0038,0.008100000000000001,0.0001,81.38964080810547,75.65846252441406,89.04841613769531,
2013-01-31,412.73,14.28,0.07,2.02,90.798,3142.13,62.3427,69.2992,58.8,81.4,90.9,1.72,3558.0,0.0118,0.0191,0.0352,-0.0172,0.008,0.0001,74.83155822753906,66.24052429199219,82.9786148071289,
2013-02-28,426.63,15.51,0.11,1.89,92.295,3160.19,62.7268,68.6271,58.9,81.3,91.6,1.74,3698.0,0.0557,0.0042,0.0101,-0.020099999999999996,0.0152,0.0,90.6574935913086,84.139892578125,108.9493179321289,
2013-03-31,436.66,12.7,0.07,1.87,92.302,3267.52,62.014,66.7264,58.9,81.0,92.3,1.7,3528.0,0.0129,-0.0024,0.0018,-0.0059,0.006,0.0,81.59033203125,77.60531616210938,85.65817260742188,
2013-04-30,444.36,13.52,0.05,1.7,91.3741,3328.79,62.6561,66.2561,58.7,80.8,92.1,1.65,3490.0,0.0403,0.0088,-0.0021,0.0027,0.0141,0.0,75.89672088623047,81.89175415039062,69.39681243896484,
2013-05-31,468.63,16.3,0.04,2.16,93.6076,3455.91,63.8934,66.3687,59.1,80.4,90.7,1.67,3675.0,0.015600000000000001,-0.0225,0.0046,0.0039000000000000003,0.0042,0.0,95.10787200927734,99.5219497680664,87.4727554321289,
2013-06-30,468.43,16.86,0.04,2.52,94.3047,3403.25,64.9148,66.2314,59.4,80.7,90.7,1.65,3521.0,0.0281,0.0203,0.0271,-0.02,-0.009399999999999999,0.0,83.71731567382812,75.3292236328125,98.22759246826172,
2013-07-31,477.78,13.45,0.04,2.6,93.5703,3626.37,65.7834,65.9427,59.4,80.9,90.6,1.66,3480.0,-0.012,0.0154,-0.0004,-0.0028000000000000004,-0.0006,0.0,82.97300720214844,78.82188415527344,86.63420104980469,
2013-08-31,457.7,17.01,0.03,2.78,94.7541,3589.87,66.8912,65.9252,59.5,80.9,91.8,1.7,3717.0,0.0565,0.0176,0.005699999999999999,-0.0134,0.0058,0.0,73.97581481933594,71.55718994140625,72.67587280273438,
2013-09-30,490.83,16.6,0.02,2.64,92.9207,3771.48,68.0148,65.9554,59.4,81.0,91.6,1.68,3325.0,-0.0271,-0.0003,-0.0273,0.0070999999999999995,-0.0217,0.0,90.95674896240234,80.73957824707031,106.97908782958984,
2013-10-31,507.09,13.75,0.04,2.57,92.731,3919.71,68.6801,65.5941,59.2,81.1,91.4,1.65,3382.0,0.0377,0.0265,-0.0118,-0.0054,-0.0132,0.0,100.4593276977539,100.38423156738281,100.16348266601562,
2013-11-30,510.25,13.7,0.06,2.75,93.6291,4059.89,70.6466,66.5268,59.3,81.2,90.5,1.66,3732.0,0.0417,-0.015,0.012199999999999999,0.0275,0.0089,0.0,72.95311737060547,65.50166320800781,78.73002624511719,
2013-12-31,535.03,13.72,0.07,3.04,93.5576,4176.59,71.7685,66.7203,59.4,81.7,90.5,1.64,3659.0,0.031200000000000002,0.0144,0.0019,0.0026,0.0006,0.0,77.77902221679688,92.4988784790039,52.43838119506836,
2014-01-31,529.18,18.41,0.02,2.67,95.1774,4103.88,72.8464,66.9524,59.4,81.8,90.3,1.66,3541.0,0.027999999999999997,-0.0044,0.0,-0.0058,0.0008,0.0,70.37248992919922,70.09461212158203,66.79072570800781,
2014-02-28,563.83,14.0,0.05,2.66,94.3879,4308.12,74.522,67.8145,58.9,81.5,89.7,1.63,3449.0,-0.033,0.006,-0.0199,-0.0391,-0.0154,0.0,77.91596984863281,70.48076629638672,83.1458969116211,
2014-03-31,586.74,13.88,0.05,2.73,94.2432,4198.99,76.7132,69.2317,58.8,81.2,89.7,1.66,3576.0,0.046799999999999994,0.0013,-0.0034999999999999996,-0.0025,-0.0054,0.0,69.00352478027344,73.27865600585938,59.08655548095703,
2014-04-30,575.97,13.41,0.03,2.67,93.8896,4114.56,78.497,70.372,58.8,81.4,89.7,1.63,3417.0,0.0040999999999999995,-0.0113,0.049,0.0202,0.0192,0.0,119.83855438232422,151.67477416992188,74.0618896484375,
2014-05-31,599.59,11.4,0.04,2.48,93.7606,4242.62,80.0616,71.4179,58.7,81.7,89.5,1.6,3426.0,-0.0019,-0.0407,0.012199999999999999,0.034,0.009300000000000001,0.0,93.22154235839844,113.13993072509766,60.90629959106445,
2014-06-30,635.93,11.57,0.04,2.53,93.2058,4408.18,81.8774,72.7915,58.7,81.7,89.8,1.66,3417.0,0.0204,-0.018600000000000002,-0.001,-0.0009,-0.0096,0.0,83.4288558959961,91.6987533569336,76.15043640136719,
2014-07-31,607.55,16.95,0.03,2.58,94.4467,4369.77,82.4052,73.1265,58.7,81.8,89.9,1.62,3607.0,0.026099999999999998,0.030600000000000002,-0.0070999999999999995,-0.0183,-0.0191,0.0,98.76710510253906,95.32296752929688,107.18201446533203,
2014-08-31,645.25,11.98,0.03,2.35,94.7251,4580.27,82.7456,73.4005,58.8,81.7,88.9,1.61,3575.0,-0.0203,-0.04190000000000001,-0.0008,0.009399999999999999,0.0051,0.0,138.7539520263672,162.71510314941406,118.54683685302734,
2014-09-30,638.48,16.31,0.02,2.52,97.5261,4493.39,82.6163,73.3497,58.7,81.1,89.1,1.65,3527.0,0.0424,0.0029,-0.0058,-0.0064,-0.0069,0.0,136.44558715820312,158.59349060058594,112.11448669433594,
2014-10-31,640.86,14.03,0.01,2.35,98.1163,4630.74,82.6105,73.4897,58.8,81.1,88.7,1.66,3522.0,-0.0196,-0.0366,-0.0147,0.012,-0.0059,0.0,131.55665588378906,143.3953857421875,120.78192138671875,
2014-11-30,685.74,13.33,0.02,2.18,100.0719,4791.63,82.3956,73.509,58.8,81.1,87.7,1.7,3396.0,0.025099999999999997,0.0363,-0.0167,-0.0039000000000000003,0.0021,0.0,83.66100311279297,86.33345031738281,77.19393157958984,
2014-12-31,686.87,19.2,0.04,2.17,102.2843,4736.05,81.9877,73.4048,58.7,80.7,87.8,1.74,3105.0,0.0256,-0.023,-0.0313,0.015700000000000002,0.0014000000000000002,0.0,84.38005065917969,88.46994018554688,76.33753204345703,
2015-01-31,653.14,20.97,0.02,1.68,105.5884,4635.24,82.1515,73.8401,58.7,80.7,88.5,1.69,3216.0,-0.0005,0.028300000000000002,0.021099999999999997,-0.0121,0.009000000000000001,0.0,86.5262222290039,81.27322387695312,96.23736572265625,
2015-02-28,714.65,13.34,0.02,2.0,105.5981,4963.53,82.1504,74.135,58.7,80.5,88.8,1.73,3447.0,-0.030899999999999997,-0.0095,-0.0348,0.0158,-0.016399999999999998,0.0,111.9856948852539,83.50390625,153.33984375,
2015-03-31,695.48,15.29,0.03,1.94,107.4396,4900.88,81.8215,74.1292,58.7,80.3,88.6,1.75,3509.0,0.061399999999999996,0.0039000000000000003,-0.0175,-0.011000000000000001,-0.0175,0.0,111.92469787597656,118.22520446777344,107.79053497314453,
2015-04-30,686.29,14.55,0.01,2.05,105.312,4941.42,81.026,73.6623,58.6,80.2,88.3,1.7,3602.0,-0.0109,0.0308,-0.0038,0.0007000000000000001,-0.0062,0.0,104.23526763916016,117.48873138427734,83.63285064697266,
2015-05-31,745.41,13.84,0.01,2.12,106.7388,5070.03,80.5543,73.4189,58.6,80.1,87.4,1.69,3769.0,0.006,-0.03,0.0181,0.0005,-0.0062,0.0,102.19049072265625,110.18872833251953,95.08645629882812,
2015-06-30,680.54,18.23,0.01,2.35,106.5191,4986.87,79.9374,72.9509,58.7,79.9,87.0,1.71,3642.0,0.0138,0.0083,-0.011000000000000001,-0.0175,-0.0083,0.0,76.2623291015625,77.66873168945312,72.86188507080078,
2015-07-31,646.29,12.12,0.08,2.2,108.7819,5128.28,80.4261,73.3765,58.3,79.6,87.2,1.69,3874.0,-0.0154,0.0292,-0.008,0.0034999999999999996,-0.0154,0.0,85.90596771240234,81.06608581542969,88.7894287109375,
2015-08-31,611.04,28.43,0.08,2.21,110.5621,4776.51,79.8745,72.7162,58.4,79.2,87.7,1.73,3821.0,0.015700000000000002,-0.0458,-0.0416,0.0031,-0.0245,0.0,106.80866241455078,120.84297180175781,86.16881561279297,
2015-09-30,602.73,24.5,0.0,2.06,111.3311,4620.16,80.2585,72.7519,58.2,79.1,87.3,1.72,3654.0,-0.0602,0.0029,0.0275,0.0066,0.0128,0.0,82.47853088378906,85.33859252929688,74.0282974243164,
2015-10-31,662.52,15.07,0.08,2.16,110.2079,5053.75,80.721,72.7037,58.1,78.6,87.4,1.7,3543.0,-0.030600000000000002,-0.027999999999999997,0.0055000000000000005,0.018000000000000002,-0.0058,0.0,98.7674560546875,115.88518524169922,79.34535217285156,
2015-11-30,677.14,16.13,0.22,2.21,112.34,5108.67,81.048,72.3778,58.1,78.4,86.9,1.73,3566.0,0.0775,-0.0206,-0.0046,0.0095,0.0062,0.0,91.931884765625,79.726318359375,108.51441955566406,
2015-12-31,663.48,18.21,0.16,2.27,113.3429,5007.41,81.2548,71.8006,58.1,78.3,87.0,1.73,3444.0,0.005699999999999999,0.0329,-0.0043,-0.0265,-0.011000000000000001,0.0,150.71588134765625,113.04398345947266,213.99351501464844,
2016-01-31,613.68,20.2,0.33,1.94,115.5731,4613.95,82.4698,71.9809,58.0,78.1,86.8,1.75,3443.0,-0.0215,-0.029500000000000002,-0.025699999999999997,0.0034000000000000002,0.0013,0.0001,148.23687744140625,115.224365234375,204.6312713623047,613.68
2016-02-29,622.11,20.55,0.33,1.74,114.2418,4557.95,81.6281,70.2595,57.7,78.0,85.9,1.76,3362.0,-0.0574,-0.0344,0.0208,0.0278,0.0305,0.0001,118.21114349365234,124.23914337158203,109.52909851074219,622.11
2016-03-31,676.89,13.95,0.21,1.78,109.9191,4869.85,82.5464,69.9774,57.6,77.8,85.9,1.75,3329.0,-0.0007000000000000001,0.0087,-0.0060999999999999995,0.033,0.0197,0.0002,103.74964904785156,91.322021484375,117.58201599121094,676.89
2016-04-30,645.34,15.7,0.22,1.83,108.8274,4775.36,82.9313,69.1739,57.6,77.7,86.0,1.76,3425.0,0.0695,0.0101,0.0123,0.0068000000000000005,0.0006,0.0002,109.72029113769531,98.02693176269531,127.76814270019531,645.34
2016-05-31,699.36,14.19,0.34,1.84,112.4276,4948.05,83.7862,68.725,57.5,77.3,86.0,1.75,3384.0,0.0091,0.0123,0.0322,-0.0285,0.0174,0.0001,85.22145080566406,80.82244110107422,93.12298583984375,699.36
2016-06-30,691.67,15.63,0.26,1.49,112.1618,4842.67,84.7635,68.3704,57.5,77.1,86.0,1.75,3477.0,0.0178,-0.0062,-0.016200000000000003,-0.011000000000000001,-0.0254,0.0001,88.3324203491211,84.46136474609375,93.63965606689453,691.67
2016-07-31,766.78,11.87,0.28,1.46,111.874,5162.13,86.0963,68.3247,57.5,76.8,86.0,1.75,3363.0,-0.0003,0.0042,-0.0149,0.014499999999999999,0.019,0.0002,90.16812896728516,80.51286315917969,100.85737609863281,766.78
2016-08-31,801.48,13.42,0.33,1.58,112.4036,5213.22,88.2021,68.94,57.4,76.6,85.9,1.73,3536.0,0.0394,0.024900000000000002,-0.0127,0.0134,-0.0118,0.0002,114.6104507446289,97.0980453491211,145.14874267578125,801.48
2016-09-30,835.6,13.29,0.29,1.6,112.2795,5312.0,89.4199,68.9409,57.4,76.6,85.9,1.72,3453.0,0.0049,0.0168,0.0317,-0.0184,-0.0039000000000000003,0.0002,98.73848724365234,82.44046783447266,121.45369720458984,835.6
2016-10-31,823.52,17.06,0.34,1.84,114.0188,5189.13,91.3266,69.5837,57.1,76.5,85.8,1.74,3491.0,0.0027,0.0181,-0.012199999999999999,-0.0222,0.0002,0.0002,104.54522705078125,95.48959350585938,121.15049743652344,823.52
2016-11-30,879.47,13.33,0.48,2.37,117.7636,5323.68,92.678,69.9333,56.9,76.3,85.8,1.73,3377.0,-0.020099999999999996,-0.0404,0.040999999999999995,0.0096,0.0028000000000000004,0.0002,85.74778747558594,79.64808654785156,100.30767822265625,879.47
2016-12-31,906.47,14.04,0.51,2.45,118.3466,5383.12,93.5939,70.1091,56.9,76.3,86.1,1.71,3346.0,0.048499999999999995,0.0697,0.0832,-0.0017000000000000001,0.037000000000000005,0.0001,82.91875457763672,81.22564697265625,83.97505950927734,906.47
2017-01-31,944.28,11.99,0.52,2.45,116.2241,5614.79,94.1908,70.2116,56.9,76.3,86.1,1.69,3442.0,0.0181,0.0044,0.035,0.0126,-0.0032,0.0003,102.18046569824219,93.9366226196289,113.97946166992188,944.28
2017-02-28,969.38,12.92,0.53,2.36,116.0032,5825.44,95.0183,70.6554,57.4,75.9,85.9,1.69,3497.0,0.0194,-0.0144,-0.0274,-0.005,-0.010700000000000001,0.0004,105.20123291015625,108.2770004272461,103.17117309570312,969.38
2017-03-31,1011.4,12.37,0.76,2.4,114.7938,5911.74,96.0273,71.4099,57.3,76.0,85.7,1.75,3600.0,0.0355,-0.0229,-0.0152,0.0042,-0.0181,0.0004,114.20635986328125,125.66468048095703,97.15160369873047,1011.4
2017-04-30,1005.53,10.82,0.8,2.29,114.7877,6047.61,97.5229,72.6936,57.3,76.4,85.7,1.73,3569.0,0.0017000000000000001,0.0075,-0.0333,0.0064,-0.0096,0.0003,96.63587951660156,95.83842468261719,95.67454528808594,1005.53
2017-05-31,1091.42,10.41,0.98,2.21,113.2956,6198.52,101.0176,75.6299,57.6,76.9,85.6,1.75,3636.0,0.0108,0.0042,-0.0208,0.0178,-0.0161,0.0005,119.45992279052734,127.44654846191406,108.06884002685547,1091.42
2017-06-30,1034.91,11.18,1.03,2.31,111.9896,6140.42,101.0408,76.0977,57.5,77.0,85.5,1.74,3683.0,0.010700000000000001,-0.029900000000000003,-0.0382,0.009899999999999999,-0.0167,0.0006,102.57996368408203,102.35460662841797,99.70480346679688,1034.91
2017-07-31,1085.15,10.26,1.07,2.3,109.8177,6348.12,100.548,76.2623,57.4,76.9,85.5,1.73,3640.0,0.0078000000000000005,0.0254,0.0151,-0.0227,0.0001,0.0006,126.78901672363281,113.16846466064453,146.67166137695312,1085.15
2017-08-31,1114.31,10.59,1.01,2.12,109.3686,6428.66,99.5657,76.0955,56.6,77.5,85.7,1.73,3798.0,0.018799999999999997,-0.016399999999999998,-0.0023,-0.0075,-0.0015,0.0007000000000000001,102.81346130371094,125.59920501708984,71.9550552368164,1114.31
2017-09-30,1171.74,9.51,1.06,2.33,110.0867,6495.96,99.3714,76.5273,56.4,77.7,85.7,1.72,3938.0,0.0018,-0.0183,-0.0213,0.002,-0.023799999999999998,0.0009,138.5316162109375,160.02310180664062,108.43595123291016,1171.74
2017-10-31,1275.61,10.18,1.15,2.38,111.8052,6727.67,100.0478,77.5998,56.0,77.7,85.8,1.71,3990.0,0.024900000000000002,0.047599999999999996,0.0315,-0.0154,0.016399999999999998,0.0009,115.5344467163086,142.1448974609375,84.09626770019531,1275.61
2017-11-30,1272.55,11.28,1.27,2.42,110.4648,6873.97,101.3948,79.1401,56.0,78.0,87.3,1.72,4060.0,0.0225,-0.0191,0.0013,0.0092,-0.031400000000000004,0.0009,91.4615707397461,109.23060607910156,69.15699768066406,1272.55
2017-12-31,1253.05,11.04,1.39,2.4,110.0783,6903.39,103.144,80.92,56.0,78.0,87.4,1.7,4043.0,0.031200000000000002,-0.0037,-0.0009,0.0319,-0.001,0.0008,92.59601593017578,103.94397735595703,80.11587524414062,1253.05
2018-01-31,1361.5,13.54,1.46,2.72,106.7696,7411.48,105.3014,82.9258,56.0,78.2,87.4,1.7,4143.0,0.0106,-0.0105,0.0005,0.0073,0.0179,0.0009,82.71825408935547,95.908447265625,62.65747833251953,1361.5
2018-02-28,1362.02,19.85,1.65,2.87,108.3903,7273.01,106.5123,84.0693,56.1,78.2,87.7,1.69,4193.0,0.0558,-0.0321,-0.0132,-0.0075,-0.0105,0.0011,92.42678833007812,107.64431762695312,75.66629028320312,1362.02
2018-03-31,1328.9,19.97,1.73,2.74,107.4784,7063.44,106.2109,83.8764,56.3,78.4,87.6,1.75,4310.0,-0.0364,0.0034000000000000002,-0.011000000000000001,0.0053,-0.0236,0.0011,64.49137115478516,74.68311309814453,52.002201080322266,1328.9
2018-04-30,1244.4,15.93,1.87,2.95,109.3363,7066.27,105.5107,83.2221,56.3,78.7,87.9,1.76,4044.0,-0.0235,0.0361,-0.0021,-0.0042,0.0008,0.0012,111.96229553222656,146.9270782470703,64.55758666992188,1244.4
2018-05-31,1379.0,15.43,1.93,2.83,111.9894,7442.12,106.0022,83.3632,56.4,79.0,88.4,1.73,4147.0,0.0029,0.0089,0.0053,-0.0241,0.0124,0.0014000000000000002,123.26347351074219,146.39566040039062,94.30585479736328,1379.0
2018-06-30,1313.7,16.09,1.93,2.85,113.2586,7510.3,106.3259,83.2332,56.2,79.2,88.8,1.73,4241.0,0.0263,0.0471,-0.031400000000000004,-0.019799999999999998,-0.0149,0.0014000000000000002,125.66661834716797,172.21670532226562,63.21790313720703,1313.7
2018-07-31,1367.47,12.83,2.03,2.96,112.7299,7671.79,107.3727,83.5355,56.2,79.0,88.7,1.73,4306.0,0.0049,0.0077,-0.0233,0.0083,0.002,0.0014000000000000002,103.96858978271484,137.0244598388672,56.64043426513672,1367.47
2018-08-31,1401.2,12.86,2.11,2.86,114.2755,8109.54,107.5357,83.0378,55.9,79.0,89.1,1.73,4201.0,0.032,-0.0191,0.004699999999999999,0.0154,0.0032,0.0016,110.02842712402344,129.1023406982422,84.4084701538086,1401.2
2018-09-30,1366.74,12.12,2.19,3.05,113.8077,8046.35,107.8675,82.5889,55.5,79.0,88.9,1.74,4119.0,0.0346,0.0067,-0.0393,-0.0034000000000000002,-0.0254,0.0016,112.74168395996094,145.11407470703125,68.57559204101562,1366.74
2018-10-31,1202.3,21.23,2.34,3.15,116.5281,7305.9,106.6054,80.8729,55.9,79.6,89.1,1.78,4127.0,0.0006,-0.024900000000000002,-0.0168,0.0064,0.0137,0.0015,75.05390930175781,88.62364196777344,51.163917541503906,1202.3
2018-11-30,1239.6,18.07,2.37,3.01,116.413,7330.54,105.2557,79.075,55.6,79.8,88.9,1.74,4186.0,-0.0764,-0.0436,0.034300000000000004,0.009399999999999999,0.0356,0.0019,92.0164794921875,115.21215057373047,61.150474548339844,1239.6
2018-12-31,1155.17,25.42,2.45,2.69,115.5674,6635.28,103.0036,76.6086,55.6,79.8,88.8,1.74,4362.0,0.0171,-0.008100000000000001,0.0034000000000000002,-0.0062,0.0039000000000000003,0.0018,80.40758514404297,105.16685485839844,47.40216827392578,1155.17
2019-01-31,1272.09,16.57,2.41,2.63,113.5504,7281.74,102.4992,75.4657,55.6,79.4,88.7,1.79,4287.0,-0.0955,-0.028300000000000002,-0.018799999999999997,-0.0004,0.0022,0.0019,90.607666015625,106.06269836425781,66.24092864990234,1272.09
2019-02-28,1350.2,14.78,2.45,2.73,114.1991,7532.53,103.7506,75.626,55.1,79.4,88.8,1.78,4242.0,0.0836,0.0288,-0.004,-0.0067,-0.0161,0.0021,87.42410278320312,112.98045349121094,55.7335090637207,1350.2
2019-03-31,1395.51,13.71,2.4,2.41,115.1371,7729.32,104.7604,75.6263,55.1,79.2,88.8,1.77,4172.0,0.0342,0.0173,-0.026600000000000002,0.0015,-0.015,0.0018,96.80016326904297,127.857421875,57.51169967651367,1395.51
2019-04-30,1556.18,13.12,2.43,2.51,115.3281,8095.39,105.3679,75.3679,55.1,78.9,88.8,1.78,3988.0,0.011000000000000001,-0.0354,-0.0416,0.009399999999999999,-0.0091,0.0019,82.32829284667969,90.78959655761719,66.64120483398438,1556.18
2019-05-31,1296.18,18.71,2.35,2.14,116.7273,7453.15,105.8286,75.0528,55.2,77.9,88.9,1.73,4014.0,0.0397,-0.0111,0.0213,0.015700000000000002,-0.0219,0.0021,79.25344848632812,95.45539855957031,57.51552963256836,1296.18
2019-06-30,1458.96,15.08,2.12,2.0,114.5821,8006.24,105.8115,74.46,55.1,77.4,88.8,1.74,4035.0,-0.0692,-0.0151,-0.0236,-0.0051,0.0175,0.0021,106.4719009399414,134.97251892089844,64.66343688964844,1458.96
2019-07-31,1542.44,16.12,2.08,2.02,115.4946,8175.42,106.7633,74.6172,55.3,77.0,88.8,1.77,4160.0,0.0699,0.0019,-0.0072,0.0049,-0.0051,0.0018,106.58845520019531,142.6534881591797,53.42063903808594,1542.44
2019-08-31,1504.92,18.98,1.99,1.5,118.1575,7962.88,107.5196,74.7157,55.4,76.0,88.6,1.78,4032.0,0.012199999999999999,-0.0182,0.005,-0.0013,0.0037,0.0019,93.52125549316406,126.93077850341797,47.41885757446289,1504.92
2019-09-30,1558.75,16.24,1.88,1.68,117.9461,7999.33,109.1758,75.5194,55.5,75.0,88.6,1.8,4194.0,-0.0255,-0.0325,-0.04769999999999999,0.0053,-0.0062,0.0016,103.4044189453125,124.72541809082031,70.09744262695312,1558.75
2019-10-31,1651.22,13.22,1.54,1.69,115.9125,8292.36,108.7369,74.9639,55.6,74.6,88.6,1.84,4135.0,0.014199999999999999,0.0029,0.0676,0.0182,0.0338,0.0018,90.36798858642578,110.8709487915039,67.81023406982422,1651.22
2019-11-30,1716.84,12.62,1.59,1.78,117.1204,8665.47,108.9746,74.9689,55.5,75.2,87.7,1.85,4050.0,0.0207,0.0025,-0.0192,0.0043,-0.0103,0.0015,97.83673095703125,121.31104278564453,69.96658325195312,1716.84
2019-12-31,1849.62,13.78,1.55,1.92,114.669,8972.6,110.9638,76.2725,55.5,75.0,87.8,1.85,4129.0,0.0387,0.0039000000000000003,-0.02,-0.016399999999999998,-0.011399999999999999,0.0012,73.07838439941406,84.5873031616211,53.03253173828125,1849.62
2020-01-31,1789.93,18.84,1.55,1.51,115.7345,9150.94,112.6269,77.4432,55.6,75.2,88.0,1.84,3831.0,0.0276,0.009899999999999999,0.0173,0.0005,0.011899999999999999,0.0014000000000000002,74.27989196777344,80.11077117919922,63.33135223388672,1789.93
2020-02-29,1705.54,40.11,1.27,1.13,117.6568,8567.37,110.9344,76.3936,55.5,74.7,88.7,1.89,4041.0,-0.0009,-0.0437,-0.0622,-0.011899999999999999,-0.0219,0.0013,138.4209442138672,190.8443603515625,81.65093994140625,1705.54
2020-03-31,1510.59,53.54,0.11,0.7,122.5301,7700.1,108.6923,75.0445,55.4,74.9,89.8,1.88,4051.0,-0.0815,0.0008,-0.0382,-0.0143,-0.0253,0.0012,75.95555877685547,87.1624526977539,56.68605041503906,1510.59
2020-04-30,1731.24,34.15,0.09,0.64,122.327,8889.55,109.4757,75.8552,55.6,75.1,89.8,1.91,3913.0,-0.1335,-0.0818,-0.1383,-0.0161,0.011899999999999999,0.0012,81.54003143310547,97.09007263183594,62.90298843383789,1731.24
2020-05-31,1852.49,27.51,0.14,0.65,120.9458,9489.87,107.5225,74.8278,54.9,76.0,90.5,1.94,4017.0,0.1358,0.025699999999999997,-0.0134,0.0276,-0.0102,0.0,69.33940124511719,81.76082611083984,47.59123229980469,1852.49
2020-06-30,1996.44,30.43,0.16,0.66,120.4649,10058.77,107.1574,74.9479,54.9,76.3,90.3,1.94,3851.0,0.0559,0.0192,-0.05,0.0096,-0.0316,0.0001,68.50721740722656,83.35546112060547,42.29555892944336,1996.44
2020-07-31,2136.41,24.46,0.09,0.55,117.2082,10745.27,109.2417,76.8261,54.9,76.1,91.2,1.93,3888.0,0.024399999999999998,0.0195,-0.0217,0.0014000000000000002,0.0055000000000000005,0.0001,71.22785949707031,85.86660766601562,49.760887145996094,2136.41
2020-08-31,2260.43,26.41,0.11,0.72,115.7586,11775.46,111.7799,79.0645,54.7,75.8,91.2,1.89,3937.0,0.0583,-0.0319,-0.0144,0.0038,0.0097,0.0001,66.47328186035156,88.73797607421875,36.25208282470703,2260.43
2020-09-30,2244.12,26.37,0.1,0.69,116.946,11167.68,112.4082,79.9724,54.6,75.4,91.2,1.86,4054.0,0.0762,-0.0089,-0.0302,0.042699999999999995,-0.0151,0.0001,65.46604919433594,90.00911712646484,28.454627990722656,2244.12
2020-10-31,2246.15,38.02,0.09,0.88,116.1354,10911.59,115.8024,82.8602,54.7,75.2,91.2,1.81,4079.0,-0.0364,-0.0001,-0.027200000000000002,-0.0138,-0.019299999999999998,0.0001,80.37738037109375,101.25764465332031,49.51808166503906,2246.15
2020-11-30,2663.49,20.57,0.08,0.84,113.2256,12198.74,119.86,86.2359,53.8,74.8,91.2,1.82,4262.0,-0.0208,0.0467,0.0425,-0.0077,-0.005699999999999999,0.0001,76.08316802978516,97.65258026123047,42.68144226074219,2663.49
2020-12-31,2795.5,22.75,0.09,0.93,111.3169,12888.28,121.1263,87.5956,53.9,74.5,91.2,1.82,4296.0,0.1244,0.0712,0.0209,-0.0225,0.0128,0.0001,70.06746673583984,79.03644561767578,62.31394577026367,2795.5
2021-01-31,2887.08,33.09,0.06,1.11,111.9511,13070.69,121.0366,87.9388,54.1,74.0,91.2,1.82,4354.0,0.0463,0.0493,-0.0168,-0.0197,-0.0006,0.0001,64.06729125976562,86.81527709960938,31.744428634643555,2887.08
2021-02-28,3067.62,27.95,0.04,1.44,112.8306,13192.35,120.3158,87.7715,54.1,74.4,91.1,1.8,4389.0,-0.0007000000000000001,0.0681,0.0322,-0.0365,0.049699999999999994,0.0,77.418701171875,98.47562408447266,48.2874870300293,3067.62
2021-03-31,3124.94,19.4,0.03,1.74,113.8234,13246.87,119.1051,87.1846,54.1,74.6,91.1,1.83,4413.0,0.0281,0.045,0.07200000000000001,0.0033,-0.0199,0.0,73.95680236816406,94.48355865478516,46.326778411865234,3124.94
2021-04-30,3108.99,18.61,0.01,1.65,112.0839,13962.68,119.6459,87.8126,54.3,74.8,91.2,1.82,4592.0,0.0316,-0.0084,0.0735,0.0635,0.0352,0.0,78.61876678466797,100.85202026367188,49.41804122924805,3108.99
2021-05-31,3186.56,16.76,0.01,1.58,110.7576,13748.74,121.9916,89.6946,54.2,75.5,91.1,1.81,4801.0,0.049699999999999994,-0.0316,-0.0102,0.024300000000000002,-0.027200000000000002,0.0,88.16622161865234,109.58695983886719,67.87379455566406,3186.56
2021-06-30,3345.31,15.83,0.05,1.45,112.5533,14503.95,123.9862,91.244,54.5,75.9,91.1,1.84,4693.0,0.0029,0.0127,0.0704,0.023399999999999997,0.0301,0.0,93.00713348388672,120.7828369140625,52.62611389160156,3345.31
2021-07-31,3356.53,18.24,0.06,1.24,112.6714,14672.68,121.2857,89.2552,54.7,76.4,92.0,1.88,4710.0,0.0273,-0.003,-0.0786,-0.021400000000000002,-0.009300000000000001,0.0,74.12712097167969,92.54654693603516,46.34864044189453,3356.53
2021-08-31,3417.72,16.48,0.04,1.3,113.1076,15259.24,117.7423,86.5625,54.548,76.7,92.0,1.89,4600.0,0.0134,-0.0455,-0.018000000000000002,0.055,-0.0058,0.0,58.42076873779297,64.03631591796875,50.7158317565918,3417.72
2021-09-30,3258.09,23.14,0.04,1.52,114.6403,14448.58,117.8182,86.4536,54.766,76.9,92.4,1.89,4896.0,0.029500000000000002,-0.0066,-0.0023,-0.0026,-0.0172,0.0,89.4865493774414,103.20159149169922,76.48285675048828,3258.09
2021-10-31,3451.27,16.26,0.05,1.55,114.1349,15498.39,118.1095,86.4326,54.875,77.2,93.0,1.93,4781.0,-0.044000000000000004,0.011200000000000002,0.0512,-0.0192,0.02,0.0,80.69696807861328,92.04731750488281,67.94027709960938,3451.27
2021-11-30,3833.22,27.19,0.05,1.43,116.2071,15537.69,119.9345,87.4663,54.947,77.3,93.2,1.96,4798.0,0.0663,-0.027000000000000003,-0.0053,0.0171,-0.0154,0.0,79.02923583984375,93.80802917480469,61.149112701416016,3833.22
2021-12-31,3946.16,17.22,0.06,1.52,115.283,15644.97,122.4168,88.9092,55.251,77.5,93.1,1.99,4786.0,-0.0158,-0.017,-0.0037,0.0719,0.017,0.0,86.56914520263672,121.5009536743164,39.74269104003906,3946.17
2022-01-31,3483.21,24.83,0.22,1.79,115.566,14239.88,124.7074,90.1473,55.42,77.6,92.9,1.99,4721.0,0.032400000000000005,-0.0078000000000000005,0.0325,0.048799999999999996,0.0429,0.0001,105.34542083740234,155.3102569580078,47.65493392944336,3483.21
2022-02-28,3429.53,30.15,0.35,1.83,115.2224,13751.4,125.773,90.4398,56.336,78.3,93.4,2.0,4835.0,-0.061500000000000006,-0.0401,0.1286,0.0077,0.07730000000000001,0.0,138.67498779296875,199.48751831054688,63.251529693603516,3429.53
2022-03-31,3429.0,20.56,0.52,2.32,115.2218,14220.52,128.9521,92.195,56.366,78.6,94.0,2.0,4775.0,-0.022799999999999997,0.0286,0.030600000000000002,-0.0203,0.030299999999999997,0.0,216.1590118408203,320.6058654785156,105.21830749511719,3429.0
2022-04-30,2919.74,33.4,0.85,2.89,119.4933,12334.64,129.5542,92.0453,56.726,79.0,94.4,2.05,4831.0,0.0308,-0.021099999999999997,-0.019,-0.015,0.0321,0.0,318.9549255371094,403.713623046875,250.9558563232422,2919.74
2022-05-31,3098.69,26.19,1.16,2.85,118.0704,12081.39,127.9384,90.2749,56.488,79.4,94.8,2.06,4658.0,-0.0941,-0.0034999999999999996,0.061799999999999994,0.0341,0.0592,0.0,191.14309692382812,221.91055297851562,184.41781616210938,3098.69
2022-06-30,2556.25,28.71,1.72,2.98,120.9652,11028.74,128.77,90.1815,56.624,79.9,94.7,2.08,4570.0,-0.0033,-0.0003,0.08439999999999999,0.0155,0.0395,0.0003,142.25848388671875,166.424560546875,140.13734436035156,2556.25
2022-07-31,2967.14,21.33,2.41,2.67,121.7678,12390.69,131.2495,91.1662,56.916,79.9,94.8,2.1,4488.0,-0.084,0.013300000000000001,-0.06,0.0176,-0.0458,0.0006,130.7073211669922,160.72695922851562,114.81468963623047,2967.14
2022-08-31,2677.39,25.87,2.96,3.15,123.535,11816.2,131.7061,90.6743,56.804,80.1,95.1,2.13,4786.0,0.09570000000000001,0.0181,-0.041299999999999996,0.008,-0.06849999999999999,0.0008,117.17676544189453,141.24293518066406,97.83872985839844,2677.39
2022-09-30,2306.7,31.62,3.33,3.83,127.5148,10575.62,132.8333,90.5711,56.632,79.8,95.4,2.14,4677.0,-0.0377,0.0149,0.0018,-0.047400000000000005,0.0134,0.0019,132.86322021484375,159.38302612304688,111.15857696533203,2306.7
2022-10-31,2384.45,25.88,4.22,4.1,127.6219,10988.15,134.0567,90.4573,56.822,79.5,95.9,2.18,4534.0,-0.0934,-0.0098,0.0003,-0.0134,-0.0076,0.0019,131.98587036132812,170.31179809570312,108.6280746459961,2384.45
2022-11-30,2826.85,20.58,4.37,3.68,123.5175,11468.0,132.9257,88.6988,57.313,79.5,95.4,2.22,4412.0,0.0786,0.0182,0.0797,0.032799999999999996,0.0642,0.0023,143.16241455078125,185.2843017578125,112.6750259399414,2826.85
2022-12-31,2532.11,21.67,4.42,3.88,121.4256,10466.48,133.4489,88.0015,57.591,79.5,94.7,2.23,4346.0,0.046900000000000004,-0.0275,0.0148,0.0629,0.0316,0.0029,116.7162857055664,143.0465545654297,98.68260955810547,2532.11
2023-01-31,2921.92,19.4,4.7,3.52,118.9802,11584.55,130.8489,85.2342,57.607,79.5,94.2,2.27,4367.0,-0.0638,-0.002,0.0134,0.0034999999999999996,0.0429,0.0033,111.19593811035156,119.1385269165039,109.772216796875,2921.92
2023-02-28,2958.39,20.7,4.88,3.92,121.3341,11455.54,130.0403,83.6464,57.231,78.2,93.5,2.25,4216.0,0.066,0.044000000000000004,-0.0394,-0.024399999999999998,-0.0441,0.0034999999999999996,104.26704406738281,113.02135467529297,94.62993621826172,2958.39
2023-03-31,3230.86,18.7,4.85,3.48,119.3602,12221.91,133.54,84.8008,57.227,78.3,93.3,2.27,4336.0,-0.025699999999999997,0.0058,-0.008,0.009899999999999999,-0.015,0.0034000000000000002,120.99437713623047,147.05015563964844,103.02875518798828,3230.86
2023-04-30,2994.97,15.78,5.1,3.44,119.2248,12226.58,133.5331,83.7076,57.291,77.8,92.6,2.27,4219.0,0.024900000000000002,-0.0689,-0.09050000000000001,0.0227,-0.021,0.0036,105.37997436523438,125.08584594726562,86.75404357910156,2994.97
2023-05-31,3453.18,17.94,5.52,3.64,120.9662,12935.29,135.8398,84.0728,57.142,77.0,92.1,2.27,4123.0,0.0063,-0.025699999999999997,-0.0012,0.0241,0.0285,0.0034999999999999996,106.80965423583984,118.16682434082031,93.2484130859375,3453.18
2023-06-30,3673.06,13.59,5.43,3.81,119.3606,13787.92,136.0676,83.1636,56.58,77.0,91.5,2.26,4287.0,0.0033,-0.0043,-0.0779,-0.0178,-0.0706,0.0036,108.46768188476562,122.47150421142578,92.75943756103516,3673.06
2023-07-31,3861.63,13.63,5.55,3.97,117.8241,14346.02,135.4366,81.7729,56.733,77.0,90.8,2.26,4264.0,0.0646,0.0127,-0.0013,0.0231,-0.0155,0.004,110.52894592285156,129.40652465820312,95.2789077758789,3861.63
2023-08-31,3670.93,13.57,5.56,4.09,120.225,14034.97,136.6894,81.5733,56.919,76.8,90.3,2.25,4140.0,0.0321,0.0288,0.0406,-0.0060999999999999995,0.005,0.0045000000000000005,107.44878387451172,123.80915069580078,91.76800537109375,3670.93
2023-09-30,3434.29,17.52,5.55,4.59,122.3077,13219.32,135.6233,80.0458,57.125,76.8,90.3,2.24,4663.0,-0.0236,-0.0366,-0.0115,0.0333,-0.0222,0.0045000000000000005,101.14118194580078,117.60943603515625,83.60504913330078,3434.29
2023-10-31,3215.89,18.14,5.59,4.88,123.8364,12851.24,134.4233,78.5069,57.362,77.1,90.3,2.24,4835.0,-0.052300000000000006,-0.0176,0.015,0.018600000000000002,-0.0086,0.0043,98.63481140136719,125.65179443359375,68.4659194946289,3215.89
2023-11-30,3724.58,12.92,5.45,4.37,120.2434,14226.22,136.4045,78.8734,57.374,77.3,90.2,2.22,4739.0,-0.0315,-0.0403,0.0022,0.0242,-0.0072,0.004699999999999999,197.8870086669922,205.04005432128906,221.80393981933594,3724.58
2023-12-31,4175.47,12.45,5.4,3.88,118.4208,15011.35,137.8263,78.9469,57.591,77.0,90.0,2.23,4731.0,0.0888,-0.0018,0.0166,-0.037200000000000004,-0.012199999999999999,0.0044,156.69613647460938,143.49435424804688,189.5543975830078,4175.47
2024-01-31,4260.92,14.35,5.42,3.99,120.4331,15164.01,138.9374,78.8761,57.536,76.5,89.8,2.26,4761.0,0.048499999999999995,0.0725,0.0487,-0.0296,0.011899999999999999,0.0043,142.2794647216797,136.1783905029297,173.96380615234375,4260.92
2024-02-29,4726.92,13.4,5.45,4.25,121.1824,16091.92,139.4212,78.484,57.873,76.0,89.4,2.23,4924.0,0.0073,-0.056900000000000006,-0.023700000000000002,0.0066,-0.0101,0.004699999999999999,160.3736572265625,140.83609008789062,208.4711456298828,4726.92
2024-03-31,4905.21,13.01,5.46,4.2,121.0191,16379.46,138.2248,77.1831,58.044,75.8,89.5,2.25,4817.0,0.0507,-0.0083,-0.034300000000000004,-0.0202,-0.022799999999999997,0.0042,146.59817504882812,140.2446746826172,171.18118286132812,4905.21
2024-04-30,4673.3,15.65,5.46,4.69,122.9853,15657.82,138.3547,76.6549,58.094,75.7,90.2,2.26,4777.0,0.028399999999999998,-0.012,0.0416,0.013300000000000001,0.0104,0.0043,133.21316528320312,121.53968048095703,151.81399536132812,4673.3
2024-05-31,5123.36,12.92,5.46,4.51,122.098,16735.02,143.8737,79.1091,58.245,75.9,90.3,2.24,4742.0,-0.04650000000000001,-0.0258,-0.0045000000000000005,0.0116,-0.0038,0.004699999999999999,163.9473419189453,170.697998046875,165.99069213867188,5123.36
2024-06-30,5472.26,12.44,5.48,4.36,124.2103,17732.6,144.2792,78.7269,58.195,75.6,89.7,2.25,4827.0,0.0432,0.0058,-0.013300000000000001,0.032,-0.0298,0.0044,130.52186584472656,131.44712829589844,133.154296875,5472.26
2024-07-31,5233.18,16.36,5.41,4.09,123.6373,17599.4,143.4192,77.6408,58.052,75.4,89.1,2.25,4849.0,0.027999999999999997,-0.0433,-0.0336,0.0055000000000000005,-0.0169,0.0040999999999999995,113.0927963256836,125.71302795410156,109.73841094970703,5233.18
2024-08-31,5158.82,15.0,5.21,3.91,122.3262,17713.62,143.4068,76.9937,57.453,75.4,88.9,2.23,4820.0,0.012199999999999999,0.0833,0.0557,0.0026,0.0027,0.0045000000000000005,92.3948745727539,95.1602783203125,95.11029815673828,5158.82
2024-09-30,5173.06,16.73,4.73,3.81,121.2864,18189.17,148.7946,79.1812,57.484,75.5,89.2,2.24,4810.0,0.0161,-0.035699999999999996,-0.0113,0.0075,0.0079,0.0048,140.97506713867188,124.80498504638672,165.17947387695312,5173.06
2024-10-31,4946.75,23.16,4.64,4.28,124.7988,18095.15,146.4195,77.1757,57.533,75.6,89.4,2.21,4799.0,0.0173,-0.0091,-0.0273,0.0019,-0.0025,0.004,130.35877990722656,134.03704833984375,135.5546112060547,4946.75
2024-11-30,4926.56,13.51,4.58,4.18,126.5798,19218.17,148.7125,77.5763,57.992,75.9,89.7,2.19,4838.0,-0.01,-0.0086,0.0091,-0.0149,0.0102,0.0039000000000000003,130.689208984375,128.40969848632812,142.81838989257812,4926.56
2024-12-31,4979.93,17.35,4.37,4.58,129.2775,19310.79,148.1992,76.4462,58.925,76.6,89.6,2.19,4923.0,0.0649,0.0463,0.0038,-0.0227,-0.019299999999999998,0.004,128.90164184570312,139.14866638183594,127.42887115478516,4979.93
2025-01-31,5015.85,16.43,4.31,4.58,128.4828,19627.44,150.2275,76.5679,58.817,76.5,89.6,2.17,4900.0,-0.0316,-0.0382,-0.0297,0.018799999999999997,-0.012,0.0037,142.36643981933594,128.26246643066406,164.81373596191406,5015.85
2025-02-28,4766.75,19.63,4.32,4.24,128.2805,18847.28,158.0732,79.5424,58.261,76.1,89.7,2.16,4856.0,0.027999999999999997,-0.0123,0.0176,-0.0235,-0.0322,0.0037,113.233154296875,117.08644104003906,109.50493621826172,4766.75
2025-03-31,4270.43,22.28,4.32,4.23,126.7075,17299.29,159.6876,79.2698,58.059,76.0,89.9,2.13,4927.0,-0.024300000000000002,-0.048799999999999996,0.0484,0.010700000000000001,0.030899999999999997,0.0033,136.9805908203125,138.7676544189453,140.7871551513672,4270.43
2025-04-30,4230.08,24.7,4.31,4.17,122.5921,17446.34,159.2281,77.916,58.414,76.0,89.6,2.13,5147.0,-0.0639,-0.0147,0.0287,0.0209,-0.0046,0.0034000000000000002,175.901123046875,195.67752075195312,159.82244873046875,4230.09
2025-05-31,4758.06,18.57,4.36,4.41,121.7674,19113.77,162.2271,78.2049,58.312,75.8,89.7,2.14,4978.0,-0.0084,-0.0183,-0.0329,-0.028300000000000002,-0.0259,0.0034999999999999996,141.1845245361328,159.26712036132812,132.4676055908203,4758.06
2025-06-30,5546.54,16.73,4.41,4.24,119.4088,20369.73,164.3526,78.01,58.318,75.5,89.6,2.12,5148.0,0.060599999999999994,-0.0077,-0.0281,0.0129,0.0248,0.0038,167.42288208007812,206.15826416015625,149.22117614746094,5546.54
2025-07-31,5607.92,16.72,4.41,4.37,121.721,21122.45,163.1741,76.224,57.596,75.0,89.5,2.12,5192.0,0.048600000000000004,-0.0008,-0.0143,-0.0319,0.0138,0.0034000000000000002,222.58563232421875,288.1604919433594,183.72996520996094,5607.92
2025-08-31,5668.94,15.36,4.23,4.23,120.2082,21455.55,171.5555,78.8573,57.566,74.9,89.4,2.12,5202.0,0.019799999999999998,-0.0012,-0.0134,-0.0025,-0.02,0.0034000000000000002,134.64071655273438,156.7975311279297,119.74867248535156,5668.94
2025-09-30,6369.82,16.28,4.02,4.16,120.1368,22660.01,169.197,76.5233,59.626,77.0,89.4,2.13,5158.0,0.0184,0.0482,0.0437,-0.0069,0.0197,0.0038,138.98846435546875,160.41519165039062,121.7310562133789,6369.82
2025-10-31,7228.66,17.44,3.89,4.11,121.3859,23724.96,165.667,73.7232,59.754,77.0,89.9,2.13,5132.0,0.0339,-0.0217,-0.0105,-0.020099999999999996,-0.0227,0.0033,125.86952209472656,141.8061065673828,114.78914642333984,7228.66
2025-11-30,7025.15,16.35,3.88,4.02,121.0527,23365.69,169.1163,74.0524,60.114,,,2.12,5264.0,0.0196,-0.013500000000000002,-0.0318,-0.0525,-0.0407,0.0037,153.4799346923828,166.6230010986328,151.14178466796875,7025.15
2025-12-31,7083.13,14.95,3.67,4.18,119.7456,23241.99,169.7424,73.1444,60.857,77.4,90.0,2.11,5288.0,-0.0013,0.0148,0.037599999999999995,0.0143,0.0064,0.003,103.939208984375,118.0085678100586,88.70289611816406,7083.13
2026-01-31,7998.47,17.44,3.67,4.26,117.8996,23461.82,170.5402,72.3377,61.052,77.3,90.1,2.09,5293.0,-0.0036,-0.002,0.024,0.0032,0.004,0.0034000000000000002,132.48622131347656,146.3589324951172,123.53462219238281,7998.47
2026-02-28,8098.37,19.86,3.67,3.97,117.8223,22668.21,176.7104,74.1644,61.572,78.1,88.7,2.06,5382.0,0.0103,0.0326,0.038,0.0189,0.0184,0.003,168.62986755371094,220.17141723632812,100.22209930419922,8098.37
2026-03-31,7588.2,25.25,3.7,4.3,121.035,21590.63,176.1804,72.9787,67.007,83.4,87.3,2.04,5348.0,-0.0118,0.0064,0.027999999999999997,0.0167,0.0504,0.0028000000000000004,119.86540985107422,156.00601196289062,81.2406234741211,7588.2
2026-04-30,10503.7,16.89,3.68,4.4,118.671,24892.31,173.4832,71.0102,68.269,85.1,86.0,2.03,5406.0,-0.0518,0.0067,0.0329,-0.0203,-0.0012,0.0029,330.17681884765625,319.2039794921875,450.3603515625,8510.92
2026-05-31,12829.38,15.32,3.69,4.45,118.8783,26972.62,176.4046,71.4359,73.171,90.9,86.4,2.02,5405.0,0.09949999999999999,0.0046,-0.0137,-0.0415,-0.038,0.0029,250.28366088867188,268.60107421875,305.9411926269531,
2026-06-30,14246.96,16.45,3.87,4.44,120.9248,26213.72,183.8045,73.6646,72.885,96.2,86.5,2.01,5579.0,0.049100000000000005,-0.0265,-0.0231,-0.0816,-0.0146,0.0031,203.5819854736328,233.49290466308594,215.2461395263672,
2026-07-31,11311.08,15.99,3.83,4.75,119.7034,25373.85,187.4427,74.3637,73.627,97.8,86.6,1.97,5668.0,-0.010700000000000001,0.0436,0.0358,-0.0507,0.0345,0.0029,179.9416961669922,214.94244384765625,184.83316040039062,
2026-08-31,11535.05,14.92,3.91,4.75,118.5679,26370.89,191.8973,75.377,73.125,99.4,85.7,2.0,5644.0,-0.006,-0.0012,0.021099999999999997,0.1105,0.023399999999999997,0.0033,167.53224182128906,190.89479064941406,180.69992065429688,
