decision_date,y_true,pred_B0_historical_mean,pred_M2c_elastic_net_plus_corporate,n_train_obs
2016-01-31,4.9903690042524,2.243260262994666,2.243260262994666,117
2016-02-29,11.65487051371456,2.153251418392067,2.153251418392067,118
2016-03-31,2.1100185087653047,2.0574012972914484,2.0574012972914484,119
2016-04-30,17.202261871732368,2.0567192035983903,2.0567192035983903,120
2016-05-31,13.589438741054046,2.082680706259045,2.082680706259045,121
2016-06-30,18.85410664202262,2.166647283517427,2.166647283517427,122
2016-07-31,7.0787907493556395,2.1661548593891475,2.1661548593891475,123
2016-08-31,9.225943478036173,2.29577647156452,2.29577647156452,124
2016-09-30,8.080790564605726,2.3923034995088748,2.3923034995088748,125
2016-10-31,13.633489643044754,2.5318103058013643,2.5318103058013643,126
2016-11-30,9.673723857419906,2.5700202254950972,2.5700202254950972,127
2016-12-31,10.873285331741469,2.625486252599607,2.625486252599607,128
2017-01-31,6.174731233526841,2.670571412202963,2.670571412202963,129
2017-02-28,11.74781877911678,2.7604313977016663,2.7604313977016663,130
2017-03-31,2.177895675091066,2.8166370274554735,2.8166370274554735,131
2017-04-30,7.480346059683403,2.881609997651328,2.881609997651328,132
2017-05-31,1.9055778585386687,2.907954967538332,2.907954967538332,133
2017-06-30,12.227535712595296,2.9781126168365732,2.9781126168365732,134
2017-07-31,15.950626928628184,2.9718116960354277,2.9718116960354277,135
2017-08-31,13.028738212692343,3.007034620751428,3.007034620751428,136
2017-09-30,6.439075580701818,2.998496196238151,2.998496196238151,137
2017-10-31,6.256253756053736,3.069488807902436,3.069488807902436,138
2017-11-30,6.534613050587284,3.1678181065339306,3.1678181065339306,139
2017-12-31,5.597095300769763,3.2425220467321005,3.2425220467321005,140
2018-01-31,-9.303354709033153,3.266556283829617,3.266556283829617,141
2018-02-28,0.8989706903845442,3.288867458995469,3.288867458995469,142
2018-03-31,-1.5203948861999903,3.312910018933186,3.312910018933186,143
2018-04-30,9.030883118923727,3.3297054989466903,3.3297054989466903,144
2018-05-31,1.1770413530030037,3.2374933806402675,3.2374933806402675,145
2018-06-30,3.518075864584476,3.2205475640442116,3.2205475640442116,146
2018-07-31,-13.332592823185603,3.1864400644021673,3.1864400644021673,147
2018-08-31,-12.72402654097385,3.2281860862201786,3.2281860862201786,148
2018-09-30,-17.318082284904534,3.213638960452681,3.213638960452681,149
2018-10-31,5.122482813318761,3.2157828823127637,3.2157828823127637,150
2018-11-30,7.986398269417655,3.1000599752813063,3.1000599752813063,151
2018-12-31,18.321242056880195,2.990170485585091,2.990170485585091,152
2019-01-31,19.577288316766133,2.850113569926542,2.850113569926542,153
2019-02-28,-4.663125245082986,2.8656777428264886,2.8656777428264886,154
2019-03-31,3.866391326751353,2.900512576340714,2.900512576340714,155
2019-04-30,-1.496852215174283,3.004706694452467,3.004706694452467,156
2019-05-31,14.331826346701893,3.1159320744679952,3.1159320744679952,157
2019-06-30,6.036036488566923,3.0640716923376554,3.0640716923376554,158
2019-07-31,6.284883048702036,3.0693850673999976,3.0693850673999976,159
2019-08-31,12.644565114228365,3.039344032646219,3.039344032646219,160
2019-09-30,16.619599457413972,3.1131511065942954,3.1131511065942954,161
2019-10-31,7.616210430789411,3.1321308818019102,3.1321308818019102,162
2019-11-30,-1.07036156498841,3.1524712183625563,3.1524712183625563,163
2019-12-31,-20.637990959708773,3.2133179741052857,3.2133179741052857,164
2020-01-31,-3.7238598179202707,3.2987083020244494,3.2987083020244494,165
2020-02-29,7.894890392865176,3.3260342648647345,3.3260342648647345,166
2020-03-31,27.646529148835317,3.2983839766266643,3.2983839766266643,167
2020-04-30,20.898893548036988,3.148781633274567,3.148781633274567,168
2020-05-31,19.882438060986505,3.1060944192919906,3.1060944192919906,169
2020-06-30,11.664786768897725,3.1356548882646647,3.1356548882646647,170
2020-07-31,4.979078923855181,3.2860283499859566,3.2860283499859566,171
2020-08-31,16.378223223671124,3.3934238694862677,3.3934238694862677,172
2020-09-30,21.939751931807123,3.4933572888286935,3.4933572888286935,173
2020-10-31,25.072797124045305,3.5425827676242903,3.5425827676242903,174
2020-11-30,14.096472373272137,3.551184541014895,3.551184541014895,175
2020-12-31,11.120410151947933,3.627535961744991,3.627535961744991,176
2021-01-31,7.395230388020634,3.7358922692601517,9.28726212397047,177
2021-02-28,3.8039948389455347,3.861403474288299,8.725546236367178,178
2021-03-31,6.814428191730393,3.9212576783759245,6.692529437640114,179
2021-04-30,7.660978763532356,3.963113216012971,6.616027071082554,180
2021-05-31,7.003169705518353,3.9829520435968297,6.226744319435,181
2021-06-30,-2.641823081364514,3.9819235539149256,0.7033588956278303,182
2021-07-31,2.7834577008798433,3.9981092947024433,6.5164371151225176,183
2021-08-31,11.473151895983413,4.018921053048067,6.270240673122545,184
2021-09-30,19.160182006046078,4.0357812149264305,7.43313000320884,185
2021-10-31,0.9212003170066652,3.9982665840483915,6.056240858151954,186
2021-11-30,-11.138195549681585,3.9914799422429805,7.7741267640114655,187
2021-12-31,-14.057428068737844,4.033044786430427,6.348449849360314,188
2022-01-31,-17.6559711197408,4.1166201301852094,7.73906895395846,189
2022-02-28,-10.144378401625254,4.099062878464448,8.369380523594192,190
2022-03-31,-29.372733267180884,4.01579917120682,6.582276154901797,191
2022-04-30,1.580395468503878,3.917575110120165,7.561511756550212,192
2022-05-31,-14.703700213764957,3.800961346715511,6.041701347260485,193
2022-06-30,-10.442340908486655,3.7259864018319577,5.445980990851444,194
2022-07-31,-22.193003612520336,3.548987900928146,3.289695861402289,195
2022-08-31,4.972057812712099,3.538516664585464,4.537264571227876,196
2022-09-30,8.713501553201386,3.441996998562446,4.152445275528019,197
2022-10-31,19.617244466609694,3.368921535893766,3.8662729974100847,198
2022-11-30,3.6982183916447204,3.235089467053902,3.3651330626037304,199
2022-12-31,23.399540840914096,3.2441361771875386,3.395452397511436,200
2023-01-31,1.4493280376915538,3.272474857892274,3.441686388790633,201
2023-02-28,14.415034419355383,3.3567262476279307,3.7870858743257667,202
2023-03-31,11.777674645948228,3.358477489392119,3.785498954992177,203
2023-04-30,24.345515931171306,3.4607278126141696,4.129604952990807,204
2023-05-31,5.00494903261054,3.450517661472431,4.083393282037371,205
2023-06-30,-7.93148935936967,3.505894008734466,4.258505843686829,206
2023-07-31,-19.598522738281698,3.547460745604887,4.383825323724519,207
2023-08-31,0.12090578375679484,3.6514510215327185,4.7110661533547935,208
2023-09-30,18.19167182859976,3.6581848424833545,4.715806199794403,209
2023-10-31,26.798095265441265,3.600810217721706,4.515055476633068,210
2023-11-30,22.491973381785332,3.4865277893670097,4.138280817025025,211
2023-12-31,14.767097873946863,3.470029642280685,4.076475047282437,212
2024-01-31,7.918036083921663,3.5418425309944364,4.290341665181184,213
2024-02-29,6.733664619897205,3.6547369617441783,4.898293199842774,214
2024-03-31,9.619378825483459,3.745738103869981,4.88900909631154,215
2024-04-30,9.975366364858193,3.798725410456889,5.03216980323379,216
2024-05-31,-0.6302602642371935,3.8184350309040886,5.073396464386475,217
2024-06-30,-6.922730417175248,3.832317076565961,5.096780522914794,218
2024-07-31,-6.968832860344879,3.859743909499219,5.159594388228249,219
2024-08-31,-5.936689543317977,3.8885911852320443,5.225563867360166,220
2024-09-30,-5.074855492672487,3.867375920211062,5.146431108825067,221
2024-10-31,0.19721032868449595,3.816954862559724,4.985508955145062,222
2024-11-30,-4.457624477557726,3.7667884080345866,4.298797569467229,223
2024-12-31,-16.51013099663902,3.721864899000547,4.225863110590057,224
2025-01-31,-18.1081993168359,3.68132701701127,4.087477798647667,225
2025-02-28,-1.2224708820683086,3.6653448303675695,3.1647006035294805,226
2025-03-31,25.125978517925173,3.6282536463131163,4.1462604423261755,227
2025-04-30,27.12589788864043,3.536715534299697,3.5863920933309856,228
2025-05-31,16.446212926719454,3.438774743118088,3.866512796063369,229
2025-06-30,12.779690180225971,3.417778141202834,3.805199739700337,230
2025-07-31,24.32737958321633,3.515124331232979,4.059018534679204,231
2025-08-31,20.39944158960893,3.620529570328548,4.330393585902277,232
2025-09-30,9.534468867994908,3.677532607468063,4.4712752061443375,233
2025-10-31,9.1196593261756,3.717807640975842,4.566774228834931,234
2025-11-30,13.206623955508112,3.8085987068006895,3.8085987068006895,235
2025-12-31,5.947850872390721,3.881365561549849,4.966698641364767,236
2026-01-31,26.327730265504975,3.906051602189346,5.01745164388288,237
2026-02-28,45.13750463597301,3.928719461858852,5.062530849182799,238
2026-03-31,62.13491414906839,3.9688835505759483,5.062530849182799,239
2026-04-30,6.515520024098955,3.977413582135495,5.072153892913321,240
2026-05-31,-11.524762696978406,4.073337688072702,5.300708477564844,241
