decision_date,y_true,pred_M5_markov_switching,n_train_obs,pred_B0_historical_mean
2016-01-31,4.9903690042524,5.186253403810282,97,2.243260262994666
2016-02-29,11.65487051371456,-0.05102078154359396,98,2.153251418392067
2016-03-31,2.1100185087653047,-4.758538663848106,99,2.0574012972914484
2016-04-30,17.202261871732368,-3.1020873967592304,100,2.0567192035983903
2016-05-31,13.589438741054046,-2.224857716736426,101,2.082680706259045
2016-06-30,18.85410664202262,1.6178796376283653,102,2.166647283517427
2016-07-31,7.0787907493556395,1.2306800114189094,103,2.1661548593891475
2016-08-31,9.225943478036173,-1.6129966058367415,104,2.29577647156452
2016-09-30,8.080790564605726,3.7130705611500305,105,2.3923034995088748
2016-10-31,13.633489643044754,-0.8800793928647125,106,2.5318103058013643
2016-11-30,9.673723857419906,3.158477689408411,107,2.5700202254950972
2016-12-31,10.873285331741469,4.156121034933604,108,2.625486252599607
2017-01-31,6.174731233526841,4.508588895722362,109,2.670571412202963
2017-02-28,11.74781877911678,5.2141124507476935,110,2.7604313977016663
2017-03-31,2.177895675091066,5.25857464974856,111,2.8166370274554735
2017-04-30,7.480346059683403,5.238598790252546,112,2.881609997651328
2017-05-31,1.9055778585386687,5.26847099964694,113,2.907954967538332
2017-06-30,12.227535712595296,5.537940264579385,114,2.9781126168365732
2017-07-31,15.950626928628184,1.2879226865819626,115,2.9718116960354277
2017-08-31,13.028738212692343,5.14284243694932,116,3.007034620751428
2017-09-30,6.439075580701818,2.031762738717212,117,2.998496196238151
2017-10-31,6.256253756053736,3.172200994188627,118,3.069488807902436
2017-11-30,6.534613050587284,5.398209481941171,119,3.1678181065339306
2017-12-31,5.597095300769763,5.587522167508554,120,3.2425220467321005
2018-01-31,-9.303354709033153,5.86395933494755,121,3.266556283829617
2018-02-28,0.8989706903845442,6.476189654463013,122,3.288867458995469
2018-03-31,-1.5203948861999903,6.428247282147299,123,3.312910018933186
2018-04-30,9.030883118923727,5.917169659265876,124,3.3297054989466903
2018-05-31,1.1770413530030037,-3.735567830604195,125,3.2374933806402675
2018-06-30,3.518075864584476,-1.9914587310848297,126,3.2205475640442116
2018-07-31,-13.332592823185603,-4.620830394386038,127,3.1864400644021673
2018-08-31,-12.72402654097385,3.4085133819682167,128,3.2281860862201786
2018-09-30,-17.318082284904534,3.3271070780591443,129,3.213638960452681
2018-10-31,5.122482813318761,5.453447586114528,130,3.2157828823127637
2018-11-30,7.986398269417655,-2.168100230360743,131,3.1000599752813063
2018-12-31,18.321242056880195,2.814337788617155,132,2.990170485585091
2019-01-31,19.577288316766133,-2.4918280671998527,133,2.850113569926542
2019-02-28,-4.663125245082986,-0.6700149485105191,134,2.8656777428264886
2019-03-31,3.866391326751353,3.09663827085063,135,2.900512576340714
2019-04-30,-1.496852215174283,3.3530416747622427,136,3.004706694452467
2019-05-31,14.331826346701893,6.319042080687966,137,3.1159320744679952
2019-06-30,6.036036488566923,1.738353265264852,138,3.0640716923376554
2019-07-31,6.284883048702036,4.220469655104193,139,3.0693850673999976
2019-08-31,12.644565114228365,3.8707507831945023,140,3.039344032646219
2019-09-30,16.619599457413972,5.277775234551035,141,3.1131511065942954
2019-10-31,7.616210430789411,4.909077251098533,142,3.1321308818019102
2019-11-30,-1.07036156498841,4.834923350061981,143,3.1524712183625563
2019-12-31,-20.637990959708773,5.33447451425457,144,3.2133179741052857
2020-01-31,-3.7238598179202707,6.4883118781194025,145,3.2987083020244494
2020-02-29,7.894890392865176,9.933175378081494,146,3.3260342648647345
2020-03-31,27.646529148835317,12.978155479593127,147,3.2983839766266643
2020-04-30,20.898893548036988,7.719260243949529,148,3.148781633274567
2020-05-31,19.882438060986505,4.120191482085187,149,3.1060944192919906
2020-06-30,11.664786768897725,6.446860953629432,150,3.1356548882646647
2020-07-31,4.979078923855181,5.051721539400369,151,3.2860283499859566
2020-08-31,16.378223223671124,10.369546666191447,152,3.3934238694862677
2020-09-30,21.939751931807123,12.005310599429139,153,3.4933572888286935
2020-10-31,25.072797124045305,16.794891946887986,154,3.5425827676242903
2020-11-30,14.096472373272137,6.541897916929508,155,3.551184541014895
2020-12-31,11.120410151947933,9.317438097501674,156,3.627535961744991
2021-01-31,7.395230388020634,15.238921363963017,157,3.7358922692601517
2021-02-28,3.8039948389455347,13.359479853865093,158,3.861403474288299
2021-03-31,6.814428191730393,8.821522359593784,159,3.9212576783759245
2021-04-30,7.660978763532356,8.281044947916119,160,3.963113216012971
2021-05-31,7.003169705518353,3.581947053848404,161,3.9829520435968297
2021-06-30,-2.641823081364514,-2.0197572146629286,162,3.9819235539149256
2021-07-31,2.7834577008798433,4.804801659639107,163,3.9981092947024433
2021-08-31,11.473151895983413,6.263634215946862,164,4.018921053048067
2021-09-30,19.160182006046078,9.951537135881058,165,4.0357812149264305
2021-10-31,0.9212003170066652,3.9109395620273553,166,3.9982665840483915
2021-11-30,-11.138195549681585,10.029342366425988,167,3.9914799422429805
2021-12-31,-14.057428068737844,7.006983567898986,168,4.033044786430427
2022-01-31,-17.6559711197408,11.010048749679981,169,4.1166201301852094
2022-02-28,-10.144378401625254,12.398959741668229,170,4.099062878464448
2022-03-31,-29.372733267180884,-1.1619517454562303,171,4.01579917120682
2022-04-30,1.580395468503878,5.700928147697676,172,3.917575110120165
2022-05-31,-14.703700213764957,1.87113061162754,173,3.800961346715511
2022-06-30,-10.442340908486655,2.893760432671594,174,3.7259864018319577
2022-07-31,-22.193003612520336,-2.4998560627598376,175,3.548987900928146
2022-08-31,4.972057812712099,-0.42802528798027284,176,3.538516664585464
2022-09-30,8.713501553201386,1.2834206579596765,177,3.441996998562446
2022-10-31,19.617244466609694,-2.1958811509884986,178,3.368921535893766
2022-11-30,3.6982183916447204,-5.178860013304421,179,3.235089467053902
2022-12-31,23.399540840914096,-0.20131578758537927,180,3.2441361771875386
2023-01-31,1.4493280376915538,3.312462051436509,181,3.272474857892274
2023-02-28,14.415034419355383,7.561850497622698,182,3.3567262476279307
2023-03-31,11.777674645948228,6.2806782280689895,183,3.358477489392119
2023-04-30,24.345515931171306,5.4421271185751365,184,3.4607278126141696
2023-05-31,5.00494903261054,5.6743058999038585,185,3.450517661472431
2023-06-30,-7.93148935936967,4.4158878304475815,186,3.505894008734466
2023-07-31,-19.598522738281698,4.506776149225035,187,3.547460745604887
2023-08-31,0.12090578375679484,4.776236717530552,188,3.6514510215327185
2023-09-30,18.19167182859976,6.276889613753887,189,3.6581848424833545
2023-10-31,26.798095265441265,1.2245473281758938,190,3.600810217721706
2023-11-30,22.491973381785332,-8.221385192002058,191,3.4865277893670097
2023-12-31,14.767097873946863,-3.0845799263773808,192,3.470029642280685
2024-01-31,7.918036083921663,4.901917075204961,193,3.5418425309944364
2024-02-29,6.733664619897205,4.759017103057605,194,3.6547369617441783
2024-03-31,9.619378825483459,-1.676587445254976,195,3.745738103869981
2024-04-30,9.975366364858193,1.7918546852445867,196,3.798725410456889
2024-05-31,-0.6302602642371935,4.054578927136556,197,3.8184350309040886
2024-06-30,-6.922730417175248,6.18232899644121,198,3.832317076565961
2024-07-31,-6.968832860344879,7.4662969521180464,199,3.859743909499219
2024-08-31,-5.936689543317977,7.845941503106825,200,3.8885911852320443
2024-09-30,-5.074855492672487,4.0459755365428896,201,3.867375920211062
2024-10-31,0.19721032868449595,3.356591282354856,202,3.816954862559724
2024-11-30,-4.457624477557726,-2.148334304251616,203,3.7667884080345866
2024-12-31,-16.51013099663902,0.12338767036357817,204,3.721864899000547
2025-01-31,-18.1081993168359,-0.5117447045552139,205,3.68132701701127
2025-02-28,-1.2224708820683086,-2.995014528241568,206,3.6653448303675695
2025-03-31,25.125978517925173,-2.3237136733030255,207,3.6282536463131163
2025-04-30,27.12589788864043,-2.906914941264451,208,3.536715534299697
2025-05-31,16.446212926719454,-5.410898034496061,209,3.438774743118088
2025-06-30,12.779690180225971,-4.778093618262667,210,3.417778141202834
2025-07-31,24.32737958321633,-1.2761787684372101,211,3.515124331232979
2025-08-31,20.39944158960893,-2.568998780560665,212,3.620529570328548
2025-09-30,9.534468867994908,-0.8707229011333294,213,3.677532607468063
2025-10-31,9.1196593261756,1.1357729673679455,214,3.717807640975842
2025-11-30,13.206623955508112,-0.6946485808699181,215,3.8085987068006895
2025-12-31,5.947850872390721,-1.2678085249465867,216,3.881365561549849
2026-01-31,26.327730265504975,1.5146089838059553,217,3.906051602189346
2026-02-28,45.13750463597301,4.486558151475401,218,3.928719461858852
2026-03-31,62.13491414906839,6.543126864792163,219,3.9688835505759483
2026-04-30,6.515520024098955,6.433262558820599,220,3.977413582135495
2026-05-31,-11.524762696978406,0.07680153957846159,221,4.073337688072702
