decision_date,y_true,pred_base_rate,pred_logit,n_train_obs
2016-01-31,0.0,0.11627906976744186,0.2303544352263734,86
2016-02-29,0.0,0.12643678160919541,0.3857178461283048,87
2016-03-31,0.0,0.13636363636363635,0.23144573102880553,88
2016-04-30,0.0,0.1348314606741573,0.3773838552119373,89
2016-05-31,0.0,0.13333333333333333,0.09331652146611313,90
2016-06-30,0.0,0.13186813186813187,0.04452610483172382,91
2016-07-31,0.0,0.13043478260869565,0.00827231360120531,92
2016-08-31,0.0,0.12903225806451613,0.00926719749190859,93
2016-09-30,0.0,0.1276595744680851,0.027551668561904066,94
2016-10-31,0.0,0.12631578947368421,0.004469578212843388,95
2016-11-30,0.0,0.125,0.01871248131853139,96
2016-12-31,0.0,0.12371134020618557,0.06220120055584257,97
2017-01-31,0.0,0.12244897959183673,0.049854759149003634,98
2017-02-28,0.0,0.12121212121212122,0.016833796328731946,99
2017-03-31,0.0,0.12,0.023143049594855778,100
2017-04-30,0.0,0.1188118811881188,0.004425305366785415,101
2017-05-31,0.0,0.11764705882352941,0.0023918528627941455,102
2017-06-30,0.0,0.11650485436893204,0.0409275379214285,103
2017-07-31,0.0,0.11538461538461539,0.18811033413402167,104
2017-08-31,0.0,0.11428571428571428,0.29617170018037015,105
2017-09-30,0.0,0.11320754716981132,0.42842831015203814,106
2017-10-31,0.0,0.11214953271028037,0.47573296278853017,107
2017-11-30,0.0,0.1111111111111111,0.40884664990041847,108
2017-12-31,0.0,0.11009174311926606,0.08242775514652821,109
2018-01-31,1.0,0.10909090909090909,0.07352318529714723,110
2018-02-28,0.0,0.10810810810810811,0.056255499763048895,111
2018-03-31,0.0,0.10714285714285714,0.030579144110950664,112
2018-04-30,0.0,0.10619469026548672,0.08545243498004565,113
2018-05-31,0.0,0.11403508771929824,0.5541425025627624,114
2018-06-30,0.0,0.11304347826086956,0.4942682587551,115
2018-07-31,1.0,0.11206896551724138,0.3212705951363659,116
2018-08-31,1.0,0.1111111111111111,0.3748021947918023,117
2018-09-30,1.0,0.11016949152542373,0.08432953029542603,118
2018-10-31,0.0,0.1092436974789916,0.1416601098989878,119
2018-11-30,0.0,0.11666666666666667,0.1785087352580968,120
2018-12-31,0.0,0.12396694214876033,0.24767762531326398,121
2019-01-31,0.0,0.13114754098360656,0.1953776449883815,122
2019-02-28,1.0,0.13008130081300814,0.16322439427087157,123
2019-03-31,0.0,0.12903225806451613,0.03992966350059078,124
2019-04-30,0.0,0.128,0.027210167059934273,125
2019-05-31,0.0,0.12698412698412698,0.06561618959502073,126
2019-06-30,0.0,0.13385826771653545,0.12163159540010197,127
2019-07-31,0.0,0.1328125,0.2276472573210883,128
2019-08-31,0.0,0.13178294573643412,0.0353542269934628,129
2019-09-30,0.0,0.13076923076923078,0.10273148334897124,130
2019-10-31,0.0,0.1297709923664122,0.361154307573768,131
2019-11-30,0.0,0.12878787878787878,0.01465760448015401,132
2019-12-31,1.0,0.12781954887218044,0.010998005656057824,133
2020-01-31,0.0,0.12686567164179105,0.000835412110221489,134
2020-02-29,0.0,0.1259259259259259,0.00010534374204012506,135
2020-03-31,0.0,0.125,1.9220908630223385e-05,136
2020-04-30,0.0,0.13138686131386862,0.014026063557723185,137
2020-05-31,0.0,0.13043478260869565,0.5938131154962983,138
2020-06-30,0.0,0.12949640287769784,0.1456132353189101,139
2020-07-31,0.0,0.12857142857142856,0.13279147513842085,140
2020-08-31,0.0,0.1276595744680851,0.1105250408539161,141
2020-09-30,0.0,0.1267605633802817,0.003324227027649843,142
2020-10-31,0.0,0.1258741258741259,0.0009572353921264971,143
2020-11-30,0.0,0.125,0.015137082110647139,144
2020-12-31,0.0,0.12413793103448276,0.15441550058106382,145
2021-01-31,0.0,0.1232876712328767,0.162956871067905,146
2021-02-28,0.0,0.12244897959183673,0.042924191830863316,147
2021-03-31,0.0,0.12162162162162163,0.13350210595415118,148
2021-04-30,0.0,0.12080536912751678,0.5620499543289372,149
2021-05-31,0.0,0.12,0.4069634368375635,150
2021-06-30,1.0,0.11920529801324503,0.14437257366268397,151
2021-07-31,0.0,0.11842105263157894,0.3423955867381388,152
2021-08-31,0.0,0.11764705882352941,0.2910221193698023,153
2021-09-30,0.0,0.11688311688311688,0.3864301628444453,154
2021-10-31,0.0,0.12258064516129032,0.6610552468674081,155
2021-11-30,1.0,0.12179487179487179,0.5649126680742979,156
2021-12-31,1.0,0.12101910828025478,0.4748381267100578,157
2022-01-31,1.0,0.12025316455696203,0.3253653673266514,158
2022-02-28,1.0,0.11949685534591195,0.0874748260310661,159
2022-03-31,1.0,0.125,0.719982139182395,160
2022-04-30,0.0,0.13043478260869565,0.8957674613587738,161
2022-05-31,1.0,0.13580246913580246,0.7452845934773762,162
2022-06-30,1.0,0.1411042944785276,0.9690037877868626,163
2022-07-31,1.0,0.14634146341463414,0.9963841085879834,164
2022-08-31,0.0,0.14545454545454545,0.9369389186628507,165
2022-09-30,0.0,0.15060240963855423,0.5655336204031061,166
2022-10-31,0.0,0.15568862275449102,0.7148817583712584,167
2022-11-30,0.0,0.16071428571428573,0.948370522701281,168
2022-12-31,0.0,0.15976331360946747,0.5070890216768498,169
2023-01-31,0.0,0.1588235294117647,0.5428130488256617,170
2023-02-28,0.0,0.15789473684210525,0.08137242989747938,171
2023-03-31,0.0,0.1569767441860465,0.11849499299455006,172
2023-04-30,0.0,0.15606936416184972,0.006394423368248718,173
2023-05-31,0.0,0.15517241379310345,0.0273257555869437,174
2023-06-30,1.0,0.15428571428571428,0.011297408024724514,175
2023-07-31,1.0,0.1534090909090909,0.011402870562668432,176
2023-08-31,0.0,0.15254237288135594,0.010888461023204404,177
2023-09-30,0.0,0.15168539325842698,0.027263278783038775,178
2023-10-31,0.0,0.1564245810055866,0.1557362936644035,179
2023-11-30,0.0,0.16111111111111112,0.4769917012886141,180
2023-12-31,0.0,0.16022099447513813,0.3430709883323036,181
2024-01-31,0.0,0.15934065934065933,0.10520464824578614,182
2024-02-29,0.0,0.15846994535519127,0.5333281363883088,183
2024-03-31,0.0,0.15760869565217392,0.16321453481897416,184
2024-04-30,0.0,0.15675675675675677,0.1168628277905086,185
2024-05-31,0.0,0.15591397849462366,0.36377272246558057,186
2024-06-30,1.0,0.15508021390374332,0.13543304097334846,187
2024-07-31,1.0,0.15425531914893617,0.031020223203673036,188
2024-08-31,1.0,0.15343915343915343,0.05609334249768666,189
2024-09-30,1.0,0.15263157894736842,0.03357164754210125,190
2024-10-31,0.0,0.15706806282722513,0.003413742975409594,191
2024-11-30,0.0,0.16145833333333334,0.02193047597091746,192
2024-12-31,1.0,0.16580310880829016,0.12031785637856156,193
2025-01-31,1.0,0.17010309278350516,0.05288509651045122,194
2025-02-28,0.0,0.16923076923076924,0.0483040651121916,195
2025-03-31,0.0,0.1683673469387755,0.004720441527353202,196
2025-04-30,0.0,0.17258883248730963,0.013428549698704781,197
2025-05-31,0.0,0.17676767676767677,0.053870961995484315,198
2025-06-30,0.0,0.17587939698492464,0.056005099979899366,199
2025-07-31,0.0,0.175,0.02807984771876375,200
2025-08-31,0.0,0.17412935323383086,0.1493006657407692,201
2025-09-30,0.0,0.17326732673267325,0.22177971168263055,202
2025-10-31,0.0,0.1724137931034483,0.1675458390391104,203
2025-11-30,0.0,0.1715686274509804,0.1715686274509804,204
2025-12-31,0.0,0.17073170731707318,0.15135697909611093,205
2026-01-31,0.0,0.16990291262135923,0.11958106968080315,206
2026-02-28,0.0,0.16908212560386474,0.35950641446814713,207
2026-03-31,0.0,0.16908212560386474,0.5257358006234791,207
2026-04-30,0.0,0.16826923076923078,0.7057476459183016,208
2026-05-31,1.0,0.1674641148325359,0.9930528880598936,209
