decision_date,target,horizon,y_true,pred_B0_historical_mean,pred_B1_market_ols,pred_M2_elastic_net_fundamentals,pred_M3_xgboost_fundamentals,n_train_obs
2016-01-31,sox_excess_ret_h1,1,1.3543306326818205,0.7911200090846306,2.2553300107931897,0.6451644203876884,0.04361262917518616,119
2016-02-29,sox_excess_ret_h1,1,8.429185219667245,0.7157372980516064,0.7156661607725858,0.5523328438045254,0.3732288181781769,120
2016-03-31,sox_excess_ret_h1,1,-4.793146848096665,0.72129028357013,-1.656405957252435,0.5610502110749308,0.3864726126194,121
2016-04-30,sox_excess_ret_h1,1,8.018832142143982,0.7877376537088983,-1.6591083460699545,0.645653813317859,0.5834677219390869,122
2016-05-31,sox_excess_ret_h1,1,-1.1156667852820112,0.7400377861720985,5.066758743049871,0.587794231813449,0.5206354856491089,123
2016-06-30,sox_excess_ret_h1,1,10.299096514870397,0.8017224841040635,0.24917714807953584,0.6660156835011388,0.3370897173881531,124
2016-07-31,sox_excess_ret_h1,1,4.40600901146566,0.785609969235273,1.4246132009410224,0.6474564911179811,0.8127712607383728,125
2016-08-31,sox_excess_ret_h1,1,4.149001115686566,0.8648890237822324,1.387115879050215,0.7469579346618204,0.7806794047355652,126
2016-09-30,sox_excess_ret_h1,1,-1.476219377796586,0.894154478225897,3.289494262735795,0.7842951905475738,0.889899492263794,127
2016-10-31,sox_excess_ret_h1,1,6.553161740146194,0.920833549024755,3.0729669895546685,0.8182821190843313,2.5861880779266357,128
2016-11-30,sox_excess_ret_h1,1,3.0038482022561186,0.9013453138473458,2.7602284958571452,0.7953371041155222,1.866345763206482,129
2016-12-31,sox_excess_ret_h1,1,4.076479700642443,0.9469244785755623,0.8508474443328619,0.8523452688286972,1.4466933012008667,130
2017-01-31,sox_excess_ret_h1,1,2.593395954521346,0.9633798683650068,-0.7509290841288423,0.8734384348426916,1.2333874702453613,131
2017-02-28,sox_excess_ret_h1,1,4.203409676577681,0.9880870098910182,-1.0371671924743517,0.9045359228601648,0.8177977800369263,132
2017-03-31,sox_excess_ret_h1,1,-0.6220743975721854,1.000727237801493,-1.1701610259799067,0.9207749616261378,0.35819926857948303,133
2017-04-30,sox_excess_ret_h1,1,8.166483500111285,1.0257481943544322,0.5931718880613372,0.952038149387581,1.1377336978912354,134
2017-05-31,sox_excess_ret_h1,1,-5.366513427448033,1.0129743758123653,0.5793114324983064,0.937188031020036,1.0395746231079102,135
2017-06-30,sox_excess_ret_h1,1,4.680375987020152,1.0680013690762034,-0.060090591100222746,1.0047515400769635,-0.7077483534812927,136
2017-07-31,sox_excess_ret_h1,1,2.5917152989665504,1.0188829355149496,0.5857626982496967,0.9457583459332136,-0.3478117883205414,137
2017-08-31,sox_excess_ret_h1,1,4.955444426608594,1.046621519238474,-0.21663108940465792,0.9800208930991489,0.9210256338119507,138
2017-09-30,sox_excess_ret_h1,1,8.40346720305304,1.058238765702595,2.352631645710546,0.9946726604252162,0.5680187940597534,139
2017-10-31,sox_excess_ret_h1,1,-0.3301734169692915,1.0873223900377142,3.453646083625342,1.0303552889493908,1.161332130432129,140
2017-11-30,sox_excess_ret_h1,1,-1.634218205381931,1.1415160553193093,1.4270745572250954,1.112506619084928,0.8368625640869141,141
2017-12-31,sox_excess_ret_h1,1,8.220645378404958,1.13069480919954,0.9962538430419149,1.1031710182079355,1.0516095161437988,142
2018-01-31,sox_excess_ret_h1,1,-0.05181412243574371,1.1105129623777776,-1.9286706152289834,1.0698433005078969,0.6594180464744568,143
2018-02-28,sox_excess_ret_h1,1,-2.571735955199451,1.162035661044641,0.5294948570717508,1.121992678543384,1.8627253770828247,144
2018-03-31,sox_excess_ret_h1,1,-6.679804631397958,1.1533029287893863,4.582100668317772,1.111873654397012,2.0564985275268555,145
2018-04-30,sox_excess_ret_h1,1,10.150511276981954,1.126695508189466,3.222796379326962,1.0803898115799482,1.4061684608459473,146
2018-05-31,sox_excess_ret_h1,1,-4.991101531783985,1.071330258972534,1.679187877221974,0.9229425034440258,-0.19162969291210175,147
2018-06-30,sox_excess_ret_h1,1,3.87147337372576,1.135268153465558,2.8291844071040817,0.9926692120863341,2.5209155082702637,148
2018-07-31,sox_excess_ret_h1,1,2.296669511061229,1.0924264074148622,2.3074311832853214,0.9423842354777948,1.3176355361938477,149
2018-08-31,sox_excess_ret_h1,1,-2.6500670202025134,1.1117253446809099,0.01929394317347133,1.0572280176311344,0.5031726956367493,150
2018-09-30,sox_excess_ret_h1,1,-12.979195314044318,1.1198973734145672,1.5967738662524709,1.051125033782026,1.6031783819198608,151
2018-10-31,sox_excess_ret_h1,1,2.9052357932729813,1.094075699485683,2.6503858041003445,1.0439291783190119,1.154183030128479,152
2018-11-30,sox_excess_ret_h1,1,-7.244122764133198,0.9983391619786761,1.9445260232020596,0.9308394646709205,1.443001389503479,153
2018-12-31,sox_excess_ret_h1,1,9.461369784178977,1.0112235986766107,-0.5120371218004701,0.9466346352997369,0.6356950998306274,154
2019-01-31,sox_excess_ret_h1,1,5.769151249371874,0.9558185895302364,2.130933789105217,0.9845274130936165,1.4302647113800049,155
2019-02-28,sox_excess_ret_h1,1,3.090721023329345,1.012522264161228,-0.09752180732246962,0.9677136064738887,1.0123658180236816,156
2019-03-31,sox_excess_ret_h1,1,10.717416044064912,1.044023118367921,2.936252406237937,0.9832343592915145,1.5068340301513672,157
2019-04-30,sox_excess_ret_h1,1,-18.471262312477243,1.0574882361637197,1.330588710894091,1.0262585239509698,1.1432840824127197,158
2019-05-31,sox_excess_ret_h1,1,11.620237595163683,1.1206250192218974,3.881524860208126,1.1239959479289394,1.823060393333435,159
2019-06-30,sox_excess_ret_h1,1,5.354172502139275,0.9934049716134614,1.1934414017146597,0.9832760705626015,1.3506898880004883,160
2019-07-31,sox_excess_ret_h1,1,-2.6425837506010663,1.061965182087979,-0.27279936980182407,1.3151714552117304,2.04250168800354,161
2019-08-31,sox_excess_ret_h1,1,3.324447737028714,1.0894793315754872,5.551443726888396,1.698003797776499,1.4256300926208496,162
2019-09-30,sox_excess_ret_h1,1,5.603019062274388,1.0657082291412416,2.675879470749975,1.0244077926433652,1.3670520782470703,163
2019-10-31,sox_excess_ret_h1,1,3.7170983149252623,1.0800040488114155,2.46684230747574,0.9833685719680315,1.5688855648040771,164
2019-11-30,sox_excess_ret_h1,1,7.29948208021432,1.1084506841162143,1.2701885786355704,0.6524055697863418,1.1422226428985596,165
2019-12-31,sox_excess_ret_h1,1,-3.4003699643501717,1.1247547318087707,-0.9172050323508865,0.5874288955645998,1.161845088005066,166
2020-01-31,sox_excess_ret_h1,1,-4.969473680852558,1.1631070755876873,2.5827511364962983,1.4212244315057683,1.0699477195739746,167
2020-02-29,sox_excess_ret_h1,1,-12.268147314506043,1.134937464230046,-0.2674102760010242,1.248371658730426,0.5157047510147095,168
2020-03-31,sox_excess_ret_h1,1,13.513761177438331,1.0974870891068398,4.678504339379705,2.1445191432340094,1.221471905708313,169
2020-04-30,sox_excess_ret_h1,1,6.649276529932888,1.0159893183531028,-0.5845029345619359,0.23284369560650464,0.7478930950164795,170
2020-05-31,sox_excess_ret_h1,1,7.483491441464096,1.0917333902263466,-2.0712782100577662,-0.320982544165344,2.2364275455474854,171
2020-06-30,sox_excess_ret_h1,1,6.766125576640002,1.1252125657667476,0.7181930482658538,0.8727800246184035,1.9215989112854004,172
2020-07-31,sox_excess_ret_h1,1,5.632821042882407,1.163286091968528,3.5137432486873865,1.8326811794770692,2.1000726222991943,173
2020-08-31,sox_excess_ret_h1,1,-0.7341598506246838,1.1966363269963345,-0.6050783208360246,0.32742409058457367,1.304478406906128,174
2020-09-30,sox_excess_ret_h1,1,0.08041773159745859,1.2228859406998025,2.889110621541918,1.327053964112955,1.5373468399047852,175
2020-10-31,sox_excess_ret_h1,1,17.03196534269835,1.211373906633188,0.8882084580082211,1.375641125838329,0.8092430830001831,176
2020-11-30,sox_excess_ret_h1,1,4.827368857511315,1.2047601278318092,6.505218751046132,1.2404325008333792,-0.5977520942687988,177
2020-12-31,sox_excess_ret_h1,1,3.2134629238356407,1.2967787628019636,2.2781198361307182,0.8578861201304235,0.3632326126098633,178
2021-01-31,sox_excess_ret_h1,1,6.055640591925181,1.3171867980314975,4.895114754095542,1.9523482499554452,1.3021620512008667,179
2021-02-28,sox_excess_ret_h1,1,1.851306636187111,1.3280849366855443,8.90624983484076,2.7592542540772382,1.634847640991211,180
2021-03-31,sox_excess_ret_h1,1,-0.5117168400916583,1.3550995404297708,7.518928439067871,2.272036751456562,1.27975594997406,181
2021-04-30,sox_excess_ret_h1,1,2.464405042850082,1.357918898928392,1.4208073958716758,0.999787267731908,1.252050757408142,182
2021-05-31,sox_excess_ret_h1,1,4.861739988971969,1.3473559851486177,-2.3253905687643606,0.5077747138617019,0.7434452772140503,183
2021-06-30,sox_excess_ret_h1,1,0.3348337317103045,1.3536315416525584,1.546807865797752,1.3514081599119556,1.3783258199691772,184
2021-07-31,sox_excess_ret_h1,1,1.806595984836079,1.3732299128666332,0.5523685345418898,1.4727020258631378,0.4934856593608856,185
2021-08-31,sox_excess_ret_h1,1,-4.783252797910897,1.3674610451935427,-0.5659626937258468,1.1375904202600275,0.9063733220100403,186
2021-09-30,sox_excess_ret_h1,1,5.760114513954662,1.3698872050810704,1.0125772127274688,1.9290434088849662,1.1456292867660522,187
2021-10-31,sox_excess_ret_h1,1,10.496290179939649,1.3360787435261694,2.433189198166401,1.616166272232415,1.66719388961792,188
2021-11-30,sox_excess_ret_h1,1,2.9037773121517674,1.3602538023809698,-1.7412770692247095,1.8988895086763622,0.9986878037452698,189
2021-12-31,sox_excess_ret_h1,1,-12.478867175084751,1.4099061739981367,4.268231616632157,2.7373161107424653,1.281473159790039,190
2022-01-31,sox_excess_ret_h1,1,-1.5631056867486015,1.4179811531232915,3.4624192205204407,2.738419921245163,2.570744752883911,191
2022-02-28,sox_excess_ret_h1,1,-0.015455206904491092,1.3432669147995921,3.012078487659077,1.3405882390248645,2.0354726314544678,192
2022-03-31,sox_excess_ret_h1,1,-16.077410226087707,1.3277248153260723,3.8556475122006546,1.3983519643615432,2.050013542175293,193
2022-04-30,sox_excess_ret_h1,1,5.948487031366945,1.3205802407397396,2.6665308259950242,0.7657822447434627,2.2924838066101074,194
2022-05-31,sox_excess_ret_h1,1,-19.24381007246012,1.228527381126896,2.7749229069340595,0.015126155223728066,0.6636486053466797,195
2022-06-30,sox_excess_ret_h1,1,14.875718509597055,1.253369274022896,2.8896351112057763,1.2383736459441859,1.6770991086959839,196
2022-07-31,sox_excess_ret_h1,1,-10.335608650901891,1.1460541989104196,4.598770820711507,1.1164558857155888,-1.6981487274169922,197
2022-08-31,sox_excess_ret_h1,1,-14.982450767181819,1.2175628671952463,3.5735826034700215,2.7038508173572016,1.5037482976913452,198
2022-09-30,sox_excess_ret_h1,1,3.1250558055633717,1.1577018748734995,6.594928739225482,1.1300276391700828,1.2075386047363281,199
2022-10-31,sox_excess_ret_h1,1,16.829452774330544,1.0745052117701217,0.2468628273986212,1.0358026192498961,0.8289945721626282,200
2022-11-30,sox_excess_ret_h1,1,-11.241007026692532,1.0850208558408563,-4.256939317843454,1.047949440100556,-2.0292246341705322,201
2022-12-31,sox_excess_ret_h1,1,14.028798718971682,1.1653495901188649,1.739652350471831,1.139172002726163,-1.6402310132980347,202
2023-01-31,sox_excess_ret_h1,1,0.910426699365571,1.1023731605919034,2.559752516411782,1.0680215485341014,1.7856394052505493,203
2023-02-28,sox_excess_ret_h1,1,8.460315422576842,1.167658138159478,1.9746318581339015,1.3891801059357876,0.7144125699996948,204
2023-03-31,sox_excess_ret_h1,1,-7.921414084250859,1.1663655178640313,3.8043898411166954,1.140766902632221,0.9759084582328796,205
2023-04-30,sox_excess_ret_h1,1,13.876133081029401,1.2028352673875953,2.688901811771215,1.1821202841008347,1.4221845865249634,206
2023-05-31,sox_excess_ret_h1,1,5.822955649169687,1.1574409920063093,0.18923278283295086,1.1309768325932408,1.3751107454299927,207
2023-06-30,sox_excess_ret_h1,1,4.6464272009722185,1.2204048142291959,2.391928062731364,1.202178822807968,1.8366069793701172,208
2023-07-31,sox_excess_ret_h1,1,-5.464433817531367,1.2430774784407255,2.5277949029930324,1.2278498051766442,1.176558017730713,209
2023-08-31,sox_excess_ret_h1,1,-7.113482742810523,1.2597605653158799,5.168563797769743,1.2467369731092164,1.3830658197402954,210
2023-09-30,sox_excess_ret_h1,1,-7.020606177939809,1.2269596171068688,3.9013124719189065,1.209862408325477,1.934930682182312,211
2023-10-31,sox_excess_ret_h1,1,14.254994704507126,1.1864720328354252,2.711606371352208,1.1643796479367556,1.9063140153884888,212
2023-11-30,sox_excess_ret_h1,1,10.957283302032442,1.146824312010424,-2.5733517387664016,1.119896029317861,0.5865816473960876,213
2023-12-31,sox_excess_ret_h1,1,1.5858172589016966,1.2098443619743504,-1.3799486217313626,0.8209447881721985,1.3536977767944336,214
2024-01-31,sox_excess_ret_h1,1,9.948872820851193,1.2564828258023797,4.4588777471860634,1.243404018285086,1.9166607856750488,215
2024-02-29,sox_excess_ret_h1,1,3.232407794193974,1.2580510850076145,2.0720229062090216,1.2452351051333033,1.9100399017333984,216
2024-03-31,sox_excess_ret_h1,1,-5.263244531123503,1.2992398136135082,1.905227064908539,1.2900932228328663,2.1981468200683594,217
2024-04-30,sox_excess_ret_h1,1,8.764501356826734,1.3083585305030385,3.633887319873068,1.326769207433726,1.3231033086776733,218
2024-05-31,sox_excess_ret_h1,1,6.118121999780228,1.2775059339695807,1.5782718197481937,1.2672473723360493,1.275413155555725,219
2024-06-30,sox_excess_ret_h1,1,-4.90725699174877,1.312491893889474,1.5913822453380435,1.2055160996272287,1.0979222059249878,220
2024-07-31,sox_excess_ret_h1,1,-1.8411252722686517,1.3348436618238497,3.2611596641490808,1.3315605421898769,1.3390617370605469,221
2024-08-31,sox_excess_ret_h1,1,-0.17434815315782692,1.3059450476869392,3.1183433853697613,1.2992350627394176,1.3031959533691406,222
2024-09-30,sox_excess_ret_h1,1,-4.953359434918401,1.291442419484379,0.8083849903607101,1.3065118486426583,1.2780585289001465,223
2024-10-31,sox_excess_ret_h1,1,-0.8089819552417495,1.2847186095181307,3.2349182536545156,1.275573813760416,1.2207562923431396,224
2024-11-30,sox_excess_ret_h1,1,0.6874858974876622,1.2562342348860003,2.154550527511125,1.2437935420834831,1.249679684638977,225
2024-12-31,sox_excess_ret_h1,1,0.3187063864385834,1.2468468885672375,-0.5165789214870367,1.233373361894015,1.1118236780166626,226
2025-01-31,sox_excess_ret_h1,1,-5.463816761483971,1.2443158433587327,0.7576284008771346,1.2306163544980233,1.0500582456588745,227
2025-02-28,sox_excess_ret_h1,1,-11.365020621593631,1.240146431390624,0.4213121344349321,1.226033892346971,1.090151071548462,228
2025-03-31,sox_excess_ret_h1,1,-1.279361933758297,1.2100838161759397,1.1027748363140646,1.192584639077816,1.320317029953003,229
2025-04-30,sox_excess_ret_h1,1,11.42191167328362,1.1539449570787543,-0.01968145846798186,1.1301089910147741,1.2368777990341187,230
2025-05-31,sox_excess_ret_h1,1,14.98342877839985,1.143130259786145,-0.8647642170829366,1.118180917129759,1.0700687170028687,231
2025-06-30,sox_excess_ret_h1,1,0.7205574369569615,1.188611593474187,-1.030117928559099,1.1689382114950488,1.520005702972412,232
2025-07-31,sox_excess_ret_h1,1,0.7422267113626437,1.2493817132315688,3.975564549107263,1.236656302509288,1.3712449073791504,233
2025-08-31,sox_excess_ret_h1,1,11.316906031906367,1.2470623085110661,2.425330085540348,1.2341387470675695,1.4387568235397339,234
2025-09-30,sox_excess_ret_h1,1,12.268246839947318,1.2448577862527759,1.0277923590862155,1.2317508245641475,1.1717497110366821,235
2025-10-31,sox_excess_ret_h1,1,-3.185711282244755,1.2886493003643131,0.3995379658579319,1.2804713811213564,1.1886956691741943,236
2025-11-30,sox_excess_ret_h1,1,0.4519333102923443,1.3361800256438934,3.000531967746838,3.000531967746838,1.3361800256438934,237
2025-12-31,sox_excess_ret_h1,1,11.85343729812801,1.3166891148340287,2.024560414264416,1.3116751744010686,1.5661370754241943,238
2026-01-31,sox_excess_ret_h1,1,0.9012533470877562,1.3129777165312744,-0.1929889060544352,1.3116751744010686,2.2587127685546875,239
2026-02-28,sox_excess_ret_h1,1,-6.806839772825046,1.358022415597927,3.0504289610835666,1.361874041656911,0.10815395414829254,240
2026-03-31,sox_excess_ret_h1,1,32.233316691242266,1.356078717434054,5.236578537155375,1.3596910051897588,1.6012654304504395,241
2026-04-30,sox_excess_ret_h1,1,19.711027717555787,1.3214900797634646,1.5814845440990979,1.3211696335953491,-0.3109354078769684,242
2026-05-31,sox_excess_ret_h1,1,10.190569740270341,1.4519197279131644,2.272701098488803,1.4662970845702175,4.690188884735107,243
2026-06-30,sox_excess_ret_h1,1,-23.38607743372717,1.5286386690461164,7.429408810452756,1.5515528351916454,5.363142967224121,244
2026-07-31,sox_excess_ret_h1,1,1.6707449964784251,1.5648810584654647,14.883442548597264,1.5917343091687557,6.417379379272461,245
2016-01-31,sox_excess_ret_h3,3,4.9903690042524,2.243260262994666,5.290633594169248,1.7418768672320173,2.0995450019836426,117
2016-02-29,sox_excess_ret_h3,3,11.65487051371456,2.153251418392067,2.3108978545011922,1.6338356084903705,2.2390732765197754,118
2016-03-31,sox_excess_ret_h3,3,2.1100185087653047,2.0574012972914484,0.3008738695124915,1.5188362035782463,3.0057125091552734,119
2016-04-30,sox_excess_ret_h3,3,17.202261871732368,2.0567192035983903,-1.063749878128687,1.5240291316691528,2.7549352645874023,120
2016-05-31,sox_excess_ret_h3,3,13.589438741054046,2.082680706259045,7.4354133695706635,1.5625440191423,3.0316686630249023,121
2016-06-30,sox_excess_ret_h3,3,18.85410664202262,2.166647283517427,0.1339413851686515,1.6734487058958414,3.3681044578552246,122
2016-07-31,sox_excess_ret_h3,3,7.0787907493556395,2.1661548593891475,1.0626778122057852,1.6781940298400746,2.527637481689453,123
2016-08-31,sox_excess_ret_h3,3,9.225943478036173,2.29577647156452,0.9810142818787706,1.8451194905055832,5.272515773773193,124
2016-09-30,sox_excess_ret_h3,3,8.080790564605726,2.3923034995088748,1.017803705391991,1.9700590570007794,6.583272933959961,125
2016-10-31,sox_excess_ret_h3,3,13.633489643044754,2.5318103058013643,2.7236377034975643,2.14778587368522,9.811991691589355,126
2016-11-30,sox_excess_ret_h3,3,9.673723857419906,2.5700202254950972,5.331251731466643,2.199150507806787,5.698889255523682,127
2016-12-31,sox_excess_ret_h3,3,10.873285331741469,2.625486252599607,4.823371265421745,2.271591672448327,6.0346198081970215,128
2017-01-31,sox_excess_ret_h3,3,6.174731233526841,2.670571412202963,-1.5488438135778888,2.330869212164219,4.554707050323486,129
2017-02-28,sox_excess_ret_h3,3,11.74781877911678,2.7604313977016663,-4.011857048591146,2.4450370953044263,4.795209884643555,130
2017-03-31,sox_excess_ret_h3,3,2.177895675091066,2.8166370274554735,0.060709289444064396,2.5173239629255812,3.3285882472991943,131
2017-04-30,sox_excess_ret_h3,3,7.480346059683403,2.881609997651328,-2.5695852636697154,2.600056253705936,2.181746006011963,132
2017-05-31,sox_excess_ret_h3,3,1.9055778585386687,2.907954967538332,2.80194094934354,2.635102086841435,2.206547498703003,133
2017-06-30,sox_excess_ret_h3,3,12.227535712595296,2.9781126168365732,-4.796492306199278,2.723575064436341,1.1273986101150513,134
2017-07-31,sox_excess_ret_h3,3,15.950626928628184,2.9718116960354277,1.4677466402569714,2.7183281472310985,2.30658221244812,135
2017-08-31,sox_excess_ret_h3,3,13.028738212692343,3.007034620751428,0.18619843954734216,2.7636806987782636,3.414130449295044,136
2017-09-30,sox_excess_ret_h3,3,6.439075580701818,2.998496196238151,4.450594971400893,2.7555853889646826,3.6922175884246826,137
2017-10-31,sox_excess_ret_h3,3,6.256253756053736,3.069488807902436,6.717076053036486,2.844108289185529,4.061461448669434,138
2017-11-30,sox_excess_ret_h3,3,6.534613050587284,3.1678181065339306,-0.451738341136549,2.965464943254443,5.754210472106934,139
2017-12-31,sox_excess_ret_h3,3,5.597095300769763,3.2425220467321005,2.411225199337381,3.0577885512309373,5.653226852416992,140
2018-01-31,sox_excess_ret_h3,3,-9.303354709033153,3.266556283829617,-3.1054410262585947,3.088527524226127,6.720183372497559,141
2018-02-28,sox_excess_ret_h3,3,0.8989706903845442,3.288867458995469,2.1490482511248628,3.1170655983867364,6.235771656036377,142
2018-03-31,sox_excess_ret_h3,3,-1.5203948861999903,3.312910018933186,7.610966878652688,3.2940542236131662,5.183761119842529,143
2018-04-30,sox_excess_ret_h3,3,9.030883118923727,3.3297054989466903,2.684330115496542,3.3121902926005644,4.192224979400635,144
2018-05-31,sox_excess_ret_h3,3,1.1770413530030037,3.2374933806402675,3.8171123905321345,3.1068040152365675,3.928870916366577,145
2018-06-30,sox_excess_ret_h3,3,3.518075864584476,3.2205475640442116,0.425203585303338,3.0434493709061887,2.8495988845825195,146
2018-07-31,sox_excess_ret_h3,3,-13.332592823185603,3.1864400644021673,5.726130423696684,3.043216496038116,3.2918307781219482,147
2018-08-31,sox_excess_ret_h3,3,-12.72402654097385,3.2281860862201786,-2.789150282404934,3.2944108941389323,2.4214706420898438,148
2018-09-30,sox_excess_ret_h3,3,-17.318082284904534,3.213638960452681,3.5238132260700623,3.189889548062153,3.4097111225128174,149
2018-10-31,sox_excess_ret_h3,3,5.122482813318761,3.2157828823127637,2.466577651296899,3.5084923274141104,1.4718689918518066,150
2018-11-30,sox_excess_ret_h3,3,7.986398269417655,3.1000599752813063,4.410032322183037,3.2373921812746085,3.119856357574463,151
2018-12-31,sox_excess_ret_h3,3,18.321242056880195,2.990170485585091,5.733146481843194,3.0617504910520923,3.8448526859283447,152
2019-01-31,sox_excess_ret_h3,3,19.577288316766133,2.850113569926542,-0.8317167634093217,2.85887374399471,2.918785572052002,153
2019-02-28,sox_excess_ret_h3,3,-4.663125245082986,2.8656777428264886,2.405965322229162,2.702537931818627,2.4492387771606445,154
2019-03-31,sox_excess_ret_h3,3,3.866391326751353,2.900512576340714,2.090191373542355,2.688478288602698,1.3288812637329102,155
2019-04-30,sox_excess_ret_h3,3,-1.496852215174283,3.004706694452467,1.694209853460266,2.813534523308409,3.064617872238159,156
2019-05-31,sox_excess_ret_h3,3,14.331826346701893,3.1159320744679952,1.1982603411405561,2.94693881253322,4.317783832550049,157
2019-06-30,sox_excess_ret_h3,3,6.036036488566923,3.0640716923376554,2.9038822815224306,2.921055928322247,1.2250491380691528,158
2019-07-31,sox_excess_ret_h3,3,6.284883048702036,3.0693850673999976,0.8371973905929098,2.9994092691220064,1.034665584564209,159
2019-08-31,sox_excess_ret_h3,3,12.644565114228365,3.039344032646219,5.5619039515083815,3.1012131881383604,0.2082240879535675,160
2019-09-30,sox_excess_ret_h3,3,16.619599457413972,3.1131511065942954,5.822426119041629,3.356605673842776,-2.9208498001098633,161
2019-10-31,sox_excess_ret_h3,3,7.616210430789411,3.1321308818019102,7.966569330252732,3.270070528736081,-2.2813830375671387,162
2019-11-30,sox_excess_ret_h3,3,-1.07036156498841,3.1524712183625563,0.5901151699469165,3.358250057403703,0.9942075610160828,163
2019-12-31,sox_excess_ret_h3,3,-20.637990959708773,3.2133179741052857,1.816895432234257,3.4390855393780533,-0.5126774311065674,164
2020-01-31,sox_excess_ret_h3,3,-3.7238598179202707,3.2987083020244494,-0.9213598381292716,3.7878413083734928,3.975813865661621,165
2020-02-29,sox_excess_ret_h3,3,7.894890392865176,3.3260342648647345,-2.547239763419554,4.098851010663146,3.354238510131836,166
2020-03-31,sox_excess_ret_h3,3,27.646529148835317,3.2983839766266643,6.085740373177863,4.50077268785094,2.853142261505127,167
2020-04-30,sox_excess_ret_h3,3,20.898893548036988,3.148781633274567,-2.1634187138057213,2.48707775482305,2.6661722660064697,168
2020-05-31,sox_excess_ret_h3,3,19.882438060986505,3.1060944192919906,-2.1652172737952182,3.373501080041284,4.356622219085693,169
2020-06-30,sox_excess_ret_h3,3,11.664786768897725,3.1356548882646647,0.7351641779811264,3.7051270717095077,3.911489963531494,170
2020-07-31,sox_excess_ret_h3,3,4.979078923855181,3.2860283499859566,5.209032203900762,3.160608895843838,4.811859607696533,171
2020-08-31,sox_excess_ret_h3,3,16.378223223671124,3.3934238694862677,-2.0570119516943453,2.58547633349624,5.37152624130249,172
2020-09-30,sox_excess_ret_h3,3,21.939751931807123,3.4933572888286935,14.284676426543827,3.948596281604294,6.86330509185791,173
2020-10-31,sox_excess_ret_h3,3,25.072797124045305,3.5425827676242903,7.3929435603591855,3.4699730490740346,7.249650955200195,174
2020-11-30,sox_excess_ret_h3,3,14.096472373272137,3.551184541014895,16.335237898071114,1.4880250370775256,1.7638828754425049,175
2020-12-31,sox_excess_ret_h3,3,11.120410151947933,3.627535961744991,4.378994271847925,2.012778944527873,2.5072667598724365,176
2021-01-31,sox_excess_ret_h3,3,7.395230388020634,3.7358922692601517,8.799061510010528,3.539373444559299,7.82324743270874,177
2021-02-28,sox_excess_ret_h3,3,3.8039948389455347,3.861403474288299,20.919869883302255,4.406644866668005,8.64304256439209,178
2021-03-31,sox_excess_ret_h3,3,6.814428191730393,3.9212576783759245,17.52657602003985,4.277838228036098,4.245816707611084,179
2021-04-30,sox_excess_ret_h3,3,7.660978763532356,3.963113216012971,4.045231001404144,3.8316084714198135,4.176335334777832,180
2021-05-31,sox_excess_ret_h3,3,7.003169705518353,3.9829520435968297,7.095191697468902,4.1174804296321454,3.8412015438079834,181
2021-06-30,sox_excess_ret_h3,3,-2.641823081364514,3.9819235539149256,3.818331429691542,4.255437155533572,4.061391830444336,182
2021-07-31,sox_excess_ret_h3,3,2.7834577008798433,3.9981092947024433,1.1156913830696573,5.444495880202818,4.557924270629883,183
2021-08-31,sox_excess_ret_h3,3,11.473151895983413,4.018921053048067,1.8608128674294213,5.181108985175902,4.581487655639648,184
2021-09-30,sox_excess_ret_h3,3,19.160182006046078,4.0357812149264305,5.87119391612444,7.104304836041416,4.385007381439209,185
2021-10-31,sox_excess_ret_h3,3,0.9212003170066652,3.9982665840483915,3.7424188568606294,5.627237453682056,4.312974452972412,186
2021-11-30,sox_excess_ret_h3,3,-11.138195549681585,3.9914799422429805,7.567490133855968,9.468378831959422,8.953780174255371,187
2021-12-31,sox_excess_ret_h3,3,-14.057428068737844,4.033044786430427,13.168681720963612,7.852617667845963,4.1273393630981445,188
2022-01-31,sox_excess_ret_h3,3,-17.6559711197408,4.1166201301852094,9.976575845895852,9.609040927514432,9.907015800476074,189
2022-02-28,sox_excess_ret_h3,3,-10.144378401625254,4.099062878464448,11.928144228920743,12.186564037027436,9.564811706542969,190
2022-03-31,sox_excess_ret_h3,3,-29.372733267180884,4.01579917120682,5.532898848266887,9.250854420406394,3.5467138290405273,191
2022-04-30,sox_excess_ret_h3,3,1.580395468503878,3.917575110120165,9.985078783415966,3.8889432433394115,4.959973335266113,192
2022-05-31,sox_excess_ret_h3,3,-14.703700213764957,3.800961346715511,13.155483876650514,3.755949944801879,2.3362748622894287,193
2022-06-30,sox_excess_ret_h3,3,-10.442340908486655,3.7259864018319577,4.521151069197893,3.6706718567869885,3.7176973819732666,194
2022-07-31,sox_excess_ret_h3,3,-22.193003612520336,3.548987900928146,7.20535731579474,5.579648509312857,-0.40872353315353394,195
2022-08-31,sox_excess_ret_h3,3,4.972057812712099,3.538516664585464,4.177384227383282,4.583652988728978,1.101523995399475,196
2022-09-30,sox_excess_ret_h3,3,8.713501553201386,3.441996998562446,9.706594044552865,3.348334184601429,2.627943754196167,197
2022-10-31,sox_excess_ret_h3,3,19.617244466609694,3.368921535893766,2.6341523622620175,3.2657552918284463,1.3450942039489746,198
2022-11-30,sox_excess_ret_h3,3,3.6982183916447204,3.235089467053902,3.2599817617690374,3.1142150602549417,1.3085358142852783,199
2022-12-31,sox_excess_ret_h3,3,23.399540840914096,3.2441361771875386,8.154568901182019,3.1252082126363447,1.3902112245559692,200
2023-01-31,sox_excess_ret_h3,3,1.4493280376915538,3.272474857892274,2.7213638117760732,3.158080526404374,3.171900987625122,201
2023-02-28,sox_excess_ret_h3,3,14.415034419355383,3.3567262476279307,8.219323301306035,3.2543329471073292,3.9400529861450195,202
2023-03-31,sox_excess_ret_h3,3,11.777674645948228,3.358477489392119,7.4137784656500845,3.256913676436035,3.6719250679016113,203
2023-04-30,sox_excess_ret_h3,3,24.345515931171306,3.4607278126141696,7.479711319763504,3.3733450473289723,4.029284477233887,204
2023-05-31,sox_excess_ret_h3,3,5.00494903261054,3.450517661472431,6.980842433289741,3.3622874783080667,4.057539463043213,205
2023-06-30,sox_excess_ret_h3,3,-7.93148935936967,3.505894008734466,6.955113628923051,3.4254460322569087,4.214250087738037,206
2023-07-31,sox_excess_ret_h3,3,-19.598522738281698,3.547460745604887,7.999067819328943,3.4729018766528825,4.263853073120117,207
2023-08-31,sox_excess_ret_h3,3,0.12090578375679484,3.6514510215327185,6.809072801243202,3.5908262498422516,4.768505096435547,208
2023-09-30,sox_excess_ret_h3,3,18.19167182859976,3.6581848424833545,7.275197308473362,3.598770759857804,4.769796848297119,209
2023-10-31,sox_excess_ret_h3,3,26.798095265441265,3.600810217721706,1.4975822346520786,3.5343558988565333,3.986967086791992,210
2023-11-30,sox_excess_ret_h3,3,22.491973381785332,3.4865277893670097,-0.8375587713259867,3.405839906427987,3.9442298412323,211
2023-12-31,sox_excess_ret_h3,3,14.767097873946863,3.470029642280685,3.8359198241528736,3.3876910991204117,3.92189884185791,212
2024-01-31,sox_excess_ret_h3,3,7.918036083921663,3.5418425309944364,6.396976323454842,3.4690316525790896,4.205443382263184,213
2024-02-29,sox_excess_ret_h3,3,6.733664619897205,3.6547369617441783,8.187158839080343,3.596512874507298,4.308746337890625,214
2024-03-31,sox_excess_ret_h3,3,9.619378825483459,3.745738103869981,8.496571269717213,3.699205594655549,4.1626691818237305,215
2024-04-30,sox_excess_ret_h3,3,9.975366364858193,3.798725410456889,8.933627971059428,3.759032039408475,5.229701995849609,216
2024-05-31,sox_excess_ret_h3,3,-0.6302602642371935,3.8184350309040886,4.721976314145812,3.781392276206933,4.338286399841309,217
2024-06-30,sox_excess_ret_h3,3,-6.922730417175248,3.832317076565961,4.323723213322853,3.7971798288469882,3.423870801925659,218
2024-07-31,sox_excess_ret_h3,3,-6.968832860344879,3.859743909499219,7.939088867007984,3.8281489724461184,3.9854798316955566,219
2024-08-31,sox_excess_ret_h3,3,-5.936689543317977,3.8885911852320443,3.27045549752699,3.8606739321943304,3.7752387523651123,220
2024-09-30,sox_excess_ret_h3,3,-5.074855492672487,3.867375920211062,3.885317009749031,3.837037436423638,4.639193058013916,221
2024-10-31,sox_excess_ret_h3,3,0.19721032868449595,3.816954862559724,4.7222787454701125,3.7807035733157908,4.7639546394348145,222
2024-11-30,sox_excess_ret_h3,3,-4.457624477557726,3.7667884080345866,1.935835847108934,3.724716404390474,4.214024543762207,223
2024-12-31,sox_excess_ret_h3,3,-16.51013099663902,3.721864899000547,0.23350364017880176,3.674657306215819,4.101149082183838,224
2025-01-31,sox_excess_ret_h3,3,-18.1081993168359,3.68132701701127,3.19256048744825,3.6295567247782508,3.7692348957061768,225
2025-02-28,sox_excess_ret_h3,3,-1.2224708820683086,3.6653448303675695,3.7894528750180108,3.6119549483880258,4.307087421417236,226
2025-03-31,sox_excess_ret_h3,3,25.125978517925173,3.6282536463131163,5.3158883497702325,3.5707836247862623,4.291452407836914,227
2025-04-30,sox_excess_ret_h3,3,27.12589788864043,3.536715534299697,-0.32053112784125437,3.468850048027758,5.049190521240234,228
2025-05-31,sox_excess_ret_h3,3,16.446212926719454,3.438774743118088,1.7706939111462268,3.3598750512355173,3.6513068675994873,229
2025-06-30,sox_excess_ret_h3,3,12.779690180225971,3.417778141202834,8.067531106802774,3.3368481872490663,4.269352912902832,230
2025-07-31,sox_excess_ret_h3,3,24.32737958321633,3.515124331232979,6.523856342696317,3.4457938389024463,3.422732353210449,231
2025-08-31,sox_excess_ret_h3,3,20.39944158960893,3.620529570328548,6.671744884682426,3.5636053018364664,4.068104267120361,232
2025-09-30,sox_excess_ret_h3,3,9.534468867994908,3.677532607468063,1.7492084209990257,3.6273805871081644,3.5726804733276367,233
2025-10-31,sox_excess_ret_h3,3,9.1196593261756,3.717807640975842,7.018935719629498,3.672465856039779,1.7471448183059692,234
2025-11-30,sox_excess_ret_h3,3,13.206623955508112,3.8085987068006895,9.861831586831546,9.861831586831546,3.8085987068006895,235
2025-12-31,sox_excess_ret_h3,3,5.947850872390721,3.881365561549849,5.581023968956006,3.8548165363361,3.122091054916382,236
2026-01-31,sox_excess_ret_h3,3,26.327730265504975,3.906051602189346,6.870972311065411,3.8823876641596864,3.403670072555542,237
2026-02-28,sox_excess_ret_h3,3,45.13750463597301,3.928719461858852,8.680308395701338,3.907688493444787,4.333635330200195,238
2026-03-31,sox_excess_ret_h3,3,62.13491414906839,3.9688835505759483,8.44147338760823,3.907688493444787,-0.49072498083114624,239
2026-04-30,sox_excess_ret_h3,3,6.515520024098955,3.977413582135495,9.605496438942593,3.9174969664204884,-3.5850563049316406,240
2026-05-31,sox_excess_ret_h3,3,-11.524762696978406,4.073337688072702,13.750300921283035,4.024722963066826,0.48586151003837585,241
2016-01-31,sox_excess_ret_h6,6,22.19263087598477,3.5641549715373704,-1.3604406579234736,1.7584390019046319,4.224310398101807,114
2016-02-29,sox_excess_ret_h6,6,25.244309254768606,3.4809014005632952,7.894516849670488,1.6738547460187156,5.868755340576172,115
2016-03-31,sox_excess_ret_h6,6,20.964125150787925,3.4649065783887862,-2.1845637804083973,1.6751992701638554,5.824112415313721,116
2016-04-30,sox_excess_ret_h6,6,24.281052621088005,3.540785435521931,-5.930168203131297,1.7931605204194678,5.730767726898193,117
2016-05-31,sox_excess_ret_h6,6,22.815382219090218,3.483302758905628,4.1965538034908265,1.7406840008964288,6.457469940185547,118
2016-06-30,sox_excess_ret_h6,6,26.93489720662835,3.4804170316673924,-9.58307712413069,1.7572895182108654,5.981853008270264,119
2016-07-31,sox_excess_ret_h6,6,20.712280392400395,3.485968016038,-12.249206496989409,1.7841140675697547,5.980578422546387,120
2016-08-31,sox_excess_ret_h6,6,18.89966733545608,3.654496510271755,-9.884130735898983,2.0160290313017435,4.886779308319092,121
2016-09-30,sox_excess_ret_h6,6,18.954075896347195,3.8472626954904774,-7.275713166705147,2.277020943924967,5.471771240234375,122
2016-10-31,sox_excess_ret_h6,6,19.808220876571596,3.998739354386915,-2.5470332754142073,2.484655435112333,6.851560592651367,123
2016-11-30,sox_excess_ret_h6,6,21.421542636536685,4.176654383042187,5.683250007750127,2.724176283309868,8.332497596740723,124
2016-12-31,sox_excess_ret_h6,6,13.051181006832536,4.338730277268692,17.48470944554872,2.9425589565248713,7.885058403015137,125
2017-01-31,sox_excess_ret_h6,6,13.655077293210244,4.533524819763172,-1.8689485892898827,3.2005410882464145,8.611348152160645,126
2017-02-28,sox_excess_ret_h6,6,13.65339663765545,4.671804781922465,-8.97107484010154,3.3868361872267756,8.243561744689941,127
2017-03-31,sox_excess_ret_h6,6,14.405431387686361,4.792379888308344,-5.3373980038480635,3.550129146681821,7.560238838195801,128
2017-04-30,sox_excess_ret_h6,6,23.430972988311588,4.911385737115392,-4.219923765216522,3.7105869253241686,5.267958641052246,129
2017-05-31,sox_excess_ret_h6,6,14.934316071231011,5.035526029944193,0.19348691963613263,3.876541914512286,5.368535995483398,130
2017-06-30,sox_excess_ret_h6,6,18.666611293297112,5.170947654792065,-9.686978721520633,4.05557253412478,5.418666362762451,131
2017-07-31,sox_excess_ret_h6,6,22.20688068468192,5.235539731448134,3.3474265281728144,4.146437266172334,5.4630255699157715,132
2017-08-31,sox_excess_ret_h6,6,19.563351263279625,5.30399125634051,1.256765009607141,4.2415236664427125,5.513649940490723,133
2017-09-30,sox_excess_ret_h6,6,12.03617088147158,5.371325170705952,0.6038425822324687,4.3347105275438285,5.313516616821289,134
2017-10-31,sox_excess_ret_h6,6,-3.0471009529794166,5.4435980204417955,9.230629597119453,4.6239710799405165,5.365797996520996,135
2017-11-30,sox_excess_ret_h6,6,7.433583740971828,5.586354964631239,-4.24369518309531,5.3161243279532435,5.599964141845703,136
2017-12-31,sox_excess_ret_h6,6,4.076700414569773,5.659960957596591,1.8602645157663575,5.451131861469373,6.172858238220215,137
2018-01-31,sox_excess_ret_h6,6,-0.2724715901094249,5.761575413344252,-0.6653999862813427,5.6998847203880025,6.540655612945557,138
2018-02-28,sox_excess_ret_h6,6,2.0760120433875477,5.889058399943768,0.4508614023186235,4.742323832160074,6.1606550216674805,139
2018-03-31,sox_excess_ret_h6,6,1.9976809783844858,5.994245268123275,9.265043565651663,5.714568844079545,7.468477725982666,140
2018-04-30,sox_excess_ret_h6,6,-4.301709704261875,6.0403668376908195,11.594828279294271,5.770379128980335,7.754446983337402,141
2018-05-31,sox_excess_ret_h6,6,-11.546985187970847,5.971522384731196,6.933410963062361,5.1429084698224,7.251546859741211,142
2018-06-30,sox_excess_ret_h6,6,-13.800006420320058,5.98251532725932,0.9738650823806525,4.872671234408749,6.787006855010986,143
2018-07-31,sox_excess_ret_h6,6,-8.210110009866842,5.968292827910892,4.313091255673904,5.128048807619588,6.727668285369873,144
2018-08-31,sox_excess_ret_h6,6,-4.737628271556196,5.9220649433329635,-2.1749230212239796,6.408924767619995,7.139739036560059,145
2018-09-30,sox_excess_ret_h6,6,1.0031597719756622,5.8937851425980705,1.9345235814204633,5.8179323683849695,6.883138656616211,146
2018-10-31,sox_excess_ret_h6,6,24.69977113008489,5.865346426070964,7.41894589199852,7.960975088431917,7.2034430503845215,147
2018-11-30,sox_excess_ret_h6,6,3.323273024334669,5.791672106285944,14.83963643483758,7.025319923448001,5.891298294067383,148
2018-12-31,sox_excess_ret_h6,6,22.18763338363155,5.666933564600643,14.140643366995178,6.868035347844072,6.317075729370117,149
2019-01-31,sox_excess_ret_h6,6,18.080436101591847,5.52788399327978,-4.490416647658414,6.705420900308631,5.619961738586426,150
2019-02-28,sox_excess_ret_h6,6,9.668701101618908,5.43045141169718,-5.79800721545475,4.959722971496305,5.022890090942383,151
2019-03-31,sox_excess_ret_h6,6,9.902427815318276,5.358845216744691,-9.756999045743488,4.338418818602506,4.718320846557617,152
2019-04-30,sox_excess_ret_h6,6,4.7880308335277535,5.328385877970083,-6.748437583629005,4.317678944339812,4.7100396156311035,153
2019-05-31,sox_excess_ret_h6,6,26.97639146093026,5.462909386665325,1.1113604595351414,4.490914715626354,4.786049842834473,154
2019-06-30,sox_excess_ret_h6,6,22.655635945980894,5.448153273821665,-2.7429171059154402,4.716468853480676,5.149482250213623,155
2019-07-31,sox_excess_ret_h6,6,13.901093479491447,5.5628072471765275,-2.4971345322471334,5.377082562521349,6.346214771270752,156
2019-08-31,sox_excess_ret_h6,6,11.574203549239956,5.647961184961666,-1.6230982455851537,6.541304146156512,2.168715238571167,157
2019-09-30,sox_excess_ret_h6,6,-4.018391502294802,5.675128346560702,1.9022672951677841,7.907952314436603,-3.836491107940674,158
2019-10-31,sox_excess_ret_h6,6,3.8923506128691407,5.703499483934913,9.06339151525722,7.126184564380251,-3.6017420291900635,159
2019-11-30,sox_excess_ret_h6,6,6.824528827876766,5.697396359598866,-2.6549371944481885,7.6367366010847135,-2.724721670150757,160
2019-12-31,sox_excess_ret_h6,6,7.008538189126543,5.838316856958675,1.0691283986068916,7.78046242847666,-2.862834930419922,161
2020-01-31,sox_excess_ret_h6,6,17.175033730116716,5.948957114123296,-1.775775855992693,8.160415623191714,-1.3433623313903809,162
2020-02-29,sox_excess_ret_h6,6,27.77732845385168,6.000931861609363,-2.291163632595839,6.424962145200311,-1.524566888809204,163
2020-03-31,sox_excess_ret_h6,6,39.31131591773303,6.037121937503068,6.194787762028868,6.466094625477647,3.8182644844055176,164
2020-04-30,sox_excess_ret_h6,6,25.877972471892168,5.9722476572463075,-16.1681218475247,5.584358824297949,-3.095475912094116,165
2020-05-31,sox_excess_ret_h6,6,36.26066128465763,5.958914983884916,-10.090697570294644,5.801564664643324,7.496783256530762,166
2020-06-30,sox_excess_ret_h6,6,33.60453870070485,5.964428447859386,-11.987459464515775,6.323682800177707,8.051080703735352,167
2020-07-31,sox_excess_ret_h6,6,30.05187604790049,5.971036737361076,-4.109178454529922,5.850625590792248,7.203614711761475,168
2020-08-31,sox_excess_ret_h6,6,30.474695596943263,6.041502127252621,-9.765317663984131,5.336024417945903,6.923162937164307,169
2020-09-30,sox_excess_ret_h6,6,33.06016208375506,6.177351041793865,6.8728904564896,5.237587700612551,6.858574867248535,170
2020-10-31,sox_excess_ret_h6,6,32.46802751206594,6.383152065868022,14.846363957800378,5.340840508091658,6.024136543273926,171
2020-11-30,sox_excess_ret_h6,6,17.90046721221767,6.503490463436071,11.199593783893008,3.903214175081167,6.169875621795654,172
2020-12-31,sox_excess_ret_h6,6,17.934838343678326,6.686049793627615,6.100363083596378,4.519524717968869,6.54252290725708,173
2021-01-31,sox_excess_ret_h6,6,15.05620915155299,6.8501869211097945,15.260512226179802,4.948624542913282,6.728904724121094,174
2021-02-28,sox_excess_ret_h6,6,10.807164544463888,6.990803218847919,26.840304625660114,3.5235571224148385,6.89884614944458,175
2021-03-31,sox_excess_ret_h6,6,4.172605110365879,7.132272450041265,25.743673701070964,3.2934643394844,7.06937313079834,176
2021-04-30,sox_excess_ret_h6,6,10.444436464412199,7.287529274195238,15.851014016030378,3.7086224689298968,7.397489547729492,177
2021-05-31,sox_excess_ret_h6,6,18.476321601501766,7.437413192277802,17.213888268392378,8.013606075619466,7.580379009246826,178
2021-06-30,sox_excess_ret_h6,6,16.518358924681564,7.499324754525966,12.816571664904064,8.989906490029812,6.717437267303467,179
2021-07-31,sox_excess_ret_h6,6,3.7046580178865085,7.560710128579804,8.600615920719923,9.628565072788223,8.657505989074707,180
2021-08-31,sox_excess_ret_h6,6,0.3349563463018279,7.60454345619953,8.81522275852502,9.790667009125855,10.807649612426758,181
2021-09-30,sox_excess_ret_h6,6,5.1027539373082345,7.623163346247579,15.951509652174144,10.720832901015555,9.538830757141113,182
2021-10-31,sox_excess_ret_h6,6,-16.734770802734136,7.603217922918782,9.209234593922256,10.712600394397949,7.029580593109131,183
2021-11-30,sox_excess_ret_h6,6,-21.28257395130684,7.619546765111273,16.241491604225654,13.550967433248195,12.894697189331055,184
2021-12-31,sox_excess_ret_h6,6,-43.430161335918726,7.681585478462075,13.150177670838211,14.20985822681779,4.585812091827393,185
2022-01-31,sox_excess_ret_h6,6,-16.07557565123692,7.731794418497415,16.639757674214508,14.164801473700482,9.841411590576172,186
2022-02-28,sox_excess_ret_h6,6,-24.84807861539021,7.709042235443116,22.487310949199045,16.593485461577323,11.840746879577637,187
2022-03-31,sox_excess_ret_h6,6,-39.81507417566754,7.667614786627715,8.397268950871533,16.354727249041286,5.687917232513428,188
2022-04-30,sox_excess_ret_h6,6,-20.61260814401646,7.653285955067272,16.449842055216596,16.466606981685484,11.93505573272705,189
2022-05-31,sox_excess_ret_h6,6,-9.73164240105286,7.517796750857264,17.64314491483594,15.166516672221189,11.170143127441406,190
2022-06-30,sox_excess_ret_h6,6,-1.728839355285269,7.358678680679562,13.715034713150166,12.911590743613939,3.5093884468078613,191
2022-07-31,sox_excess_ret_h6,6,-2.5757591459106424,7.079619120148802,8.192621470265848,10.069444143198844,6.059147834777832,192
2022-08-31,sox_excess_ret_h6,6,8.670276204356819,6.953088001179482,13.035452929673498,8.634642644806569,4.438470363616943,193
2022-09-30,sox_excess_ret_h6,6,32.11304239411548,6.7802555739155155,13.064874192632859,6.331232718725737,-7.351376533508301,194
2022-10-31,sox_excess_ret_h6,6,21.06657250430125,6.528388926620472,7.234264380517336,6.046378972464049,-17.411951065063477,195
2022-11-30,sox_excess_ret_h6,6,18.113252811000105,6.382469587531026,6.317364979230098,5.882826904264783,-16.17179298400879,196
2022-12-31,sox_excess_ret_h6,6,35.177215486862316,6.296297865666942,2.8416433908008916,5.7876167255738205,-5.131000995635986,197
2023-01-31,sox_excess_ret_h6,6,25.79484396886286,6.2536109655554935,8.101985181739881,5.742062446295887,3.105163097381592,198
2023-02-28,sox_excess_ret_h6,6,19.419983451965923,6.2068947215794825,12.078915196793297,5.691955087306691,7.927751541137695,199
2023-03-31,sox_excess_ret_h6,6,3.8461852865785584,6.21985988727831,9.540906672912813,5.70978934549262,7.0500807762146,200
2023-04-30,sox_excess_ret_h6,6,4.746993192889609,6.355426287837667,10.744098308368041,5.866951566020137,10.359817504882812,201
2023-05-31,sox_excess_ret_h6,6,5.125854816367335,6.432046841048415,13.061586890211718,5.956890151453753,6.866632461547852,202
2023-06-30,sox_excess_ret_h6,6,10.26018246923009,6.492571224312412,16.226486315049325,6.028398167098143,8.117215156555176,203
2023-07-31,sox_excess_ret_h6,6,7.199572527159567,6.640430215356485,14.835108750982258,6.198859087096764,10.342062950134277,204
2023-08-31,sox_excess_ret_h6,6,22.612879165542125,6.738657978194978,13.06891038894551,6.312789231758194,11.285333633422852,205
2023-09-30,sox_excess_ret_h6,6,32.958769702546626,6.8033586183672785,15.256925811978824,6.388553360198702,10.0584716796875,206
2023-10-31,sox_excess_ret_h6,6,34.71613134936293,6.78834758622622,11.147680790828517,6.373942049430771,7.8298773765563965,207
2023-11-30,sox_excess_ret_h6,6,29.225638001682537,6.778037715552803,9.593816916355387,6.364645198821964,4.299212455749512,208
2023-12-31,sox_excess_ret_h6,6,24.38647669943032,6.769735288923731,14.393830419081537,6.357606617103471,4.941605091094971,209
2024-01-31,sox_excess_ret_h6,6,17.893402448779856,6.787187524825263,15.502872289686534,6.379655068245429,5.574028015136719,210
2024-02-29,sox_excess_ret_h6,6,6.103404355660011,6.789239191503542,11.675327917271774,6.3842613461044975,5.95019006729126,211
2024-03-31,sox_excess_ret_h6,6,2.696648408308211,6.867574042860169,14.16662237954618,6.474924015486831,7.005753517150879,212
2024-04-30,sox_excess_ret_h6,6,3.0065335045133135,6.996102100297048,13.151472691993186,6.6220564915260525,8.481659889221191,213
2024-05-31,sox_excess_ret_h6,6,-6.56694980755517,7.1319845966159985,11.736887996679549,6.777272374718522,7.363499164581299,214
2024-06-30,sox_excess_ret_h6,6,-11.997585909847736,7.239758515665103,12.056535854616293,6.900615042998544,7.178436756134033,215
2024-07-31,sox_excess_ret_h6,6,-6.771622531660382,7.3229950117028,15.409105940127766,6.996166199591067,7.2703776359558105,216
2024-08-31,sox_excess_ret_h6,6,-10.394314020875703,7.374059781930225,16.6401984136157,7.055390309641005,8.620372772216797,217
2024-09-30,sox_excess_ret_h6,6,-21.584986489311508,7.367950861611617,13.9281453756833,7.050244439619486,8.603058815002441,218
2024-10-31,sox_excess_ret_h6,6,-17.910988988151402,7.345600132169974,14.861667370063993,7.026838009343618,11.830000877380371,219
2024-11-30,sox_excess_ret_h6,6,-5.6800953596260335,7.324937910133514,4.838183434390405,7.0053390547723335,9.833152770996094,220
2024-12-31,sox_excess_ret_h6,6,8.615847521286152,7.259099579717929,8.456111857372328,6.933146028908889,8.837113380432129,221
2025-01-31,sox_excess_ret_h6,6,9.01769857180453,7.168266157597336,5.628230338502263,6.832983426058325,9.560525894165039,222
2025-02-28,sox_excess_ret_h6,6,15.223742044651146,7.102820670793309,7.022623701334331,6.761380236807175,9.519990921020508,223
2025-03-31,sox_excess_ret_h6,6,37.905668698151146,7.021058359149996,7.065420760653788,6.671559848023494,10.05033016204834,224
2025-04-30,sox_excess_ret_h6,6,51.45327747185676,6.888006987761802,7.742783927829926,6.524390335849875,11.536763191223145,225
2025-05-31,sox_excess_ret_h6,6,36.84565451632839,6.773196821206648,5.324354512313128,6.397782152823961,7.398309230804443,226
2025-06-30,sox_excess_ret_h6,6,22.31415904822088,6.715808377977006,12.182946343374294,6.335525052244321,8.865882873535156,227
2025-07-31,sox_excess_ret_h6,6,33.44703890939193,6.724524153863745,7.339035826306511,6.347219013624024,6.636409759521484,228
2025-08-31,sox_excess_ret_h6,6,33.60606554511704,6.7349952699274,9.940950918216252,6.360843909329026,5.776589870452881,229
2025-09-30,sox_excess_ret_h6,6,15.48231974038563,6.773580482539782,8.779170619802004,6.405833239965178,5.1569719314575195,230
2025-10-31,sox_excess_ret_h6,6,35.447389591680576,6.914449659985987,9.175441744147497,6.564923318036825,4.920254707336426,231
2025-11-30,sox_excess_ret_h6,6,58.344128591481116,7.11507501048991,10.437002553933166,10.437002553933166,7.11507501048991,232
2025-12-31,sox_excess_ret_h6,6,68.08276502145911,7.248395994821023,9.321575879750426,6.940768744797383,9.618314743041992,233
2026-01-31,sox_excess_ret_h6,6,32.84325028960393,7.31565386559513,14.69510623647348,7.017253273670137,9.833962440490723,234
2026-02-28,sox_excess_ret_h6,6,33.6127419389946,7.431793354678671,13.938065257228493,7.148093796619256,8.635229110717773,235
