decision_date,y_true,pred_B0_historical_mean,pred_M2d_elastic_net_plus_trade,n_train_obs
2016-01-31,4.9903690042524,2.243260262994666,3.1212323682740686,117
2016-02-29,11.65487051371456,2.153251418392067,2.973575587293722,118
2016-03-31,2.1100185087653047,2.0574012972914484,2.81871494390088,119
2016-04-30,17.202261871732368,2.0567192035983903,2.807545502031121,120
2016-05-31,13.589438741054046,2.082680706259045,2.8362668639024533,121
2016-06-30,18.85410664202262,2.166647283517427,2.950794184029883,122
2016-07-31,7.0787907493556395,2.1661548593891475,2.9400150087059784,123
2016-08-31,9.225943478036173,2.29577647156452,3.1205497791240338,124
2016-09-30,8.080790564605726,2.3923034995088748,3.2514108911481587,125
2016-10-31,13.633489643044754,2.5318103058013643,3.444036764615744,126
2016-11-30,9.673723857419906,2.5700202254950972,3.488363032722328,127
2016-12-31,10.873285331741469,2.625486252599607,3.5574905079670733,128
2017-01-31,6.174731233526841,2.670571412202963,3.6113393181651525,129
2017-02-28,11.74781877911678,2.7604313977016663,3.729246969046089,130
2017-03-31,2.177895675091066,2.8166370274554735,3.7983687933295056,131
2017-04-30,7.480346059683403,2.881609997651328,3.879689673081367,132
2017-05-31,1.9055778585386687,2.907954967538332,-1.0400092387242985,133
2017-06-30,12.227535712595296,2.9781126168365732,0.17633204205825503,134
2017-07-31,15.950626928628184,2.9718116960354277,-0.5225413584494984,135
2017-08-31,13.028738212692343,3.007034620751428,-0.5014980746622637,136
2017-09-30,6.439075580701818,2.998496196238151,-3.3010784631908967,137
2017-10-31,6.256253756053736,3.069488807902436,-4.757698233679633,138
2017-11-30,6.534613050587284,3.1678181065339306,1.5901846415514522,139
2017-12-31,5.597095300769763,3.2425220467321005,4.297118652820543,140
2018-01-31,-9.303354709033153,3.266556283829617,0.643516348828379,141
2018-02-28,0.8989706903845442,3.288867458995469,4.339397952110383,142
2018-03-31,-1.5203948861999903,3.312910018933186,4.361798106176473,143
2018-04-30,9.030883118923727,3.3297054989466903,4.37427585561681,144
2018-05-31,1.1770413530030037,3.2374933806402675,4.23749954997031,145
2018-06-30,3.518075864584476,3.2205475640442116,4.204444808786293,146
2018-07-31,-13.332592823185603,3.1864400644021673,4.148318929423682,147
2018-08-31,-12.72402654097385,3.2281860862201786,4.195722465244071,148
2018-09-30,-17.318082284904534,3.213638960452681,4.1666966853186755,149
2018-10-31,5.122482813318761,3.2157828823127637,4.160519344168827,150
2018-11-30,7.986398269417655,3.1000599752813063,3.8287984876119854,151
2018-12-31,18.321242056880195,2.990170485585091,4.392120810439052,152
2019-01-31,19.577288316766133,2.850113569926542,4.683294765324322,153
2019-02-28,-4.663125245082986,2.8656777428264886,3.283282536556502,154
2019-03-31,3.866391326751353,2.900512576340714,4.101845919791155,155
2019-04-30,-1.496852215174283,3.004706694452467,4.872701206387303,156
2019-05-31,14.331826346701893,3.1159320744679952,7.25596087137359,157
2019-06-30,6.036036488566923,3.0640716923376554,6.742100455938612,158
2019-07-31,6.284883048702036,3.0693850673999976,4.095086884870908,159
2019-08-31,12.644565114228365,3.039344032646219,4.72690322044731,160
2019-09-30,16.619599457413972,3.1131511065942954,5.87299999853697,161
2019-10-31,7.616210430789411,3.1321308818019102,3.415189581606649,162
2019-11-30,-1.07036156498841,3.1524712183625563,4.195736078325271,163
2019-12-31,-20.637990959708773,3.2133179741052857,3.804943422361589,164
2020-01-31,-3.7238598179202707,3.2987083020244494,6.608912132103762,165
2020-02-29,7.894890392865176,3.3260342648647345,10.741838399393686,166
2020-03-31,27.646529148835317,3.2983839766266643,12.551388385409789,167
2020-04-30,20.898893548036988,3.148781633274567,5.534141323295007,168
2020-05-31,19.882438060986505,3.1060944192919906,4.446200265221981,169
2020-06-30,11.664786768897725,3.1356548882646647,6.083022441136194,170
2020-07-31,4.979078923855181,3.2860283499859566,4.573132468817427,171
2020-08-31,16.378223223671124,3.3934238694862677,3.17830803963915,172
2020-09-30,21.939751931807123,3.4933572888286935,5.793249309463584,173
2020-10-31,25.072797124045305,3.5425827676242903,4.811161542570843,174
2020-11-30,14.096472373272137,3.551184541014895,-2.6056506149974883,175
2020-12-31,11.120410151947933,3.627535961744991,-3.7884590492399264,176
2021-01-31,7.395230388020634,3.7358922692601517,-1.082395345178906,177
2021-02-28,3.8039948389455347,3.861403474288299,1.9595868453589538,178
2021-03-31,6.814428191730393,3.9212576783759245,1.1230590344093887,179
2021-04-30,7.660978763532356,3.963113216012971,-1.2574127518353295,180
2021-05-31,7.003169705518353,3.9829520435968297,0.6586879097916807,181
2021-06-30,-2.641823081364514,3.9819235539149256,1.7168758998108262,182
2021-07-31,2.7834577008798433,3.9981092947024433,3.8634267829266236,183
2021-08-31,11.473151895983413,4.018921053048067,4.197107308012546,184
2021-09-30,19.160182006046078,4.0357812149264305,5.1116669808481925,185
2021-10-31,0.9212003170066652,3.9982665840483915,3.574527911956812,186
2021-11-30,-11.138195549681585,3.9914799422429805,7.19809411256435,187
2021-12-31,-14.057428068737844,4.033044786430427,6.6700324237853525,188
2022-01-31,-17.6559711197408,4.1166201301852094,7.083704717409756,189
2022-02-28,-10.144378401625254,4.099062878464448,7.922532749044558,190
2022-03-31,-29.372733267180884,4.01579917120682,2.3340854931486636,191
2022-04-30,1.580395468503878,3.917575110120165,-0.13861151948013184,192
2022-05-31,-14.703700213764957,3.800961346715511,0.0031900035416860817,193
2022-06-30,-10.442340908486655,3.7259864018319577,0.9558978609775646,194
2022-07-31,-22.193003612520336,3.548987900928146,-2.48422890764072,195
2022-08-31,4.972057812712099,3.538516664585464,0.6655529362334844,196
2022-09-30,8.713501553201386,3.441996998562446,1.2316571095802717,197
2022-10-31,19.617244466609694,3.368921535893766,0.3219021940992768,198
2022-11-30,3.6982183916447204,3.235089467053902,-0.8771868117753563,199
2022-12-31,23.399540840914096,3.2441361771875386,0.49402905483337456,200
2023-01-31,1.4493280376915538,3.272474857892274,2.927239175806858,201
2023-02-28,14.415034419355383,3.3567262476279307,6.381842201325473,202
2023-03-31,11.777674645948228,3.358477489392119,4.29745259352688,203
2023-04-30,24.345515931171306,3.4607278126141696,6.64482360459709,204
2023-05-31,5.00494903261054,3.450517661472431,7.362902428282439,205
2023-06-30,-7.93148935936967,3.505894008734466,6.496155974001202,206
2023-07-31,-19.598522738281698,3.547460745604887,7.154430175714585,207
2023-08-31,0.12090578375679484,3.6514510215327185,8.276219364147442,208
2023-09-30,18.19167182859976,3.6581848424833545,6.177003117170177,209
2023-10-31,26.798095265441265,3.600810217721706,5.36936582972099,210
2023-11-30,22.491973381785332,3.4865277893670097,2.5946558894308884,211
2023-12-31,14.767097873946863,3.470029642280685,3.18530804230675,212
2024-01-31,7.918036083921663,3.5418425309944364,3.909218927730569,213
2024-02-29,6.733664619897205,3.6547369617441783,4.212422034272761,214
2024-03-31,9.619378825483459,3.745738103869981,4.941522986143945,215
2024-04-30,9.975366364858193,3.798725410456889,5.281837418714947,216
2024-05-31,-0.6302602642371935,3.8184350309040886,5.501667879594242,217
2024-06-30,-6.922730417175248,3.832317076565961,6.846870667038452,218
2024-07-31,-6.968832860344879,3.859743909499219,10.14435507878018,219
2024-08-31,-5.936689543317977,3.8885911852320443,10.088443605927225,220
2024-09-30,-5.074855492672487,3.867375920211062,7.934961227267708,221
2024-10-31,0.19721032868449595,3.816954862559724,9.378449530890055,222
2024-11-30,-4.457624477557726,3.7667884080345866,4.438611626835677,223
2024-12-31,-16.51013099663902,3.721864899000547,4.380649050466103,224
2025-01-31,-18.1081993168359,3.68132701701127,4.328118469670888,225
2025-02-28,-1.2224708820683086,3.6653448303675695,4.3052957727593615,226
2025-03-31,25.125978517925173,3.6282536463131163,4.534593536980931,227
2025-04-30,27.12589788864043,3.536715534299697,3.947751786957847,228
2025-05-31,16.446212926719454,3.438774743118088,3.3973493854684937,229
2025-06-30,12.779690180225971,3.417778141202834,3.2776960426193265,230
2025-07-31,24.32737958321633,3.515124331232979,3.448237010676893,231
2025-08-31,20.39944158960893,3.620529570328548,3.6921956676027072,232
2025-09-30,9.534468867994908,3.677532607468063,2.847999137212354,233
2025-10-31,9.1196593261756,3.717807640975842,3.829936315706868,234
2025-11-30,13.206623955508112,3.8085987068006895,3.8085987068006895,235
2025-12-31,5.947850872390721,3.881365561549849,3.965989738079998,236
2026-01-31,26.327730265504975,3.906051602189346,4.206456636361287,237
2026-02-28,45.13750463597301,3.928719461858852,3.4077546990089833,238
2026-03-31,62.13491414906839,3.9688835505759483,3.371691108718499,239
2026-04-30,6.515520024098955,3.977413582135495,2.787777247275997,240
2026-05-31,-11.524762696978406,4.073337688072702,-9.868176207173578,241
