decision_date,y_true,pred_B0_historical_mean,pred_HAR_RV,n_train_obs
2016-01-31,0.08281710992289813,0.06687708759872074,0.07370556344402213,91
2016-02-29,0.05235126208513287,0.06719187683920931,0.07497783348315849,92
2016-03-31,0.057555747115158505,0.0673598900981737,0.06768696651322892,93
2016-04-30,0.056114759866162926,0.06720022384271582,0.0638288223683087,94
2016-05-31,0.08930560534289209,0.06709870303505733,0.06007047260222621,95
2016-06-30,0.06153869268050963,0.06698428696038133,0.07261556828155108,96
2016-07-31,0.03480719916184733,0.06721440364473712,0.06656129674361938,97
2016-08-31,0.06163962768694475,0.0671564882267348,0.05762024943194566,98
2016-09-30,0.03922748081182896,0.06682972773112987,0.06037758607285445,99
2016-10-31,0.06179535367442635,0.06677782673068802,0.052326093580854514,100
2016-11-30,0.07151741417889124,0.0665050510285211,0.060535783966673744,101
2016-12-31,0.0463405067848658,0.06645887752504959,0.06414392857507334,102
2017-01-31,0.03533816224976046,0.06650798953139757,0.059240655764418865,103
2017-02-28,0.039185919643997875,0.06631407142806553,0.05338560487732107,104
2017-03-31,0.04447989163275817,0.06601906276922452,0.049830811912087464,105
2017-04-30,0.06304592096158758,0.06576591990955258,0.05058323504478886,106
2017-05-31,0.07151593465678631,0.06556698506584421,0.05832250420248006,107
2017-06-30,0.047198306785100654,0.06554364187969369,0.0644286988948028,108
2017-07-31,0.05785830997225011,0.06559843355654775,0.0587399548373568,109
2017-08-31,0.0508786328432136,0.06543115967680732,0.06066773014570373,110
2017-09-30,0.03333698266899409,0.06536293580559509,0.056557351064647564,111
2017-10-31,0.0629106293992081,0.06523361167200241,0.050449795887818505,112
2017-11-30,0.04546715873557525,0.06495134061887844,0.05800020221732076,113
2017-12-31,0.06929909972274949,0.0649334396432673,0.05318346359435079,114
2018-01-31,0.10084619870555744,0.06476416763537432,0.0629054217231073,115
2018-02-28,0.09036749533053505,0.06480326187750686,0.07521143502960279,116
2018-03-31,0.08973270747344934,0.0651113211666355,0.07881834148093092,117
2018-04-30,0.05219258703891066,0.06532535654090584,0.08133421495967998,118
2018-05-31,0.05566248281749731,0.06553046033025495,0.0661726949518367,119
2018-06-30,0.055711440843320206,0.0654193113861604,0.06272550987978431,120
2018-07-31,0.04699816701773102,0.06533867643931195,0.05930393217395508,121
2018-08-31,0.04836159198242357,0.0652597646721317,0.056243045760171445,122
2018-09-30,0.114888785466451,0.06511129639851869,0.055784733625846114,123
2018-10-31,0.09587743160510652,0.06497621813709857,0.0806940442922344,124
2018-11-30,0.11006756159526505,0.0653755186757334,0.07992713353163014,125
2018-12-31,0.11716960067979006,0.06561759734977604,0.08990837493656142,126
2019-01-31,0.0487950241185643,0.06596759706824445,0.0934776867701359,127
2019-02-28,0.07092167161038755,0.06636761272145963,0.06858276381813996,128
2019-03-31,0.05936460079085429,0.06623139110438292,0.07104421583457246,129
2019-04-30,0.0910771107262819,0.06626747018519834,0.06267410052922934,130
2019-05-31,0.08620075374409189,0.06621477652569953,0.07581784337044462,131
2019-06-30,0.06879858107407702,0.0664031275423706,0.07588118136890859,132
2019-07-31,0.09877497307677434,0.06655198187471438,0.07144805819561091,133
2019-08-31,0.06362011096933275,0.06656874754038127,0.08134917061282998,134
2019-09-30,0.07720465059572855,0.06680731217398417,0.06936424598647137,135
2019-10-31,0.04854306675477186,0.06678387687100881,0.07370512447520969,136
2019-11-30,0.05095318552283951,0.06685994091279508,0.06115687899416507,137
2019-12-31,0.0770496292205926,0.06672720994063548,0.060313810209598646,138
2020-01-31,0.10524356536808814,0.0666137277505794,0.06760097229844358,139
2020-02-29,0.3446167773975429,0.06668826990393664,0.08070007871285861,140
2020-03-31,0.17464792086347655,0.06696171171573913,0.17770505643168022,141
2020-04-30,0.11124396881190815,0.0689170290796955,0.13628920217079618,142
2020-05-31,0.09549765587693157,0.06965640594531634,0.10602085355773683,143
2020-06-30,0.07526447406509368,0.06994520846522324,0.08721227161502282,144
2020-07-31,0.05673749480658065,0.0701214322404764,0.07693754515254557,145
2020-08-31,0.10479016055410972,0.07015665855434364,0.06740630695222258,146
2020-09-30,0.080641006562165,0.07006537172612756,0.08815123539825709,147
2020-10-31,0.08938723319106777,0.07029999867766798,0.07927497406506702,148
2020-11-30,0.054351286644079275,0.07036940141514783,0.08324420499311652,149
2020-12-31,0.09113179470615801,0.07049618696032063,0.0681637555523453,150
2021-01-31,0.11071296207466687,0.07038926709067667,0.08287021924749774,151
2021-02-28,0.1506239275540902,0.07052573108814691,0.09268576156651556,152
2021-03-31,0.0815785961387355,0.07078839272858169,0.10959526347878804,153
2021-04-30,0.08849408661098193,0.07130680529238369,0.07882002104714406,154
2021-05-31,0.05772450267567971,0.07137307491074725,0.08131839549338248,155
2021-06-30,0.0660661698795489,0.07148282498574875,0.06806147891303747,156
2021-07-31,0.050140636265004854,0.07139519235956998,0.07142953294841375,157
2021-08-31,0.05986161552460987,0.0713614643691901,0.06462409807645514,158
2021-09-30,0.0589352575788958,0.07122800004149082,0.0679782540438515,159
2021-10-31,0.08463513415266952,0.0711569601382603,0.06725097027967766,160
2021-11-30,0.09610083163400193,0.0710810489422394,0.07820858718272375,161
2021-12-31,0.12541082438572002,0.07116471613489639,0.08374742267114965,162
2022-01-31,0.12129023219583678,0.07131769843857187,0.09683456789143884,163
2022-02-28,0.14089696713591,0.07164753457239595,0.095194369728651,164
2022-03-31,0.12350312408206855,0.07194839940647742,0.1040128577715492,165
2022-04-30,0.14777360738692025,0.0723637522241246,0.0979218893125914,166
2022-05-31,0.1310651603030634,0.0726699760077051,0.11069180854511869,167
2022-06-30,0.1070353186144866,0.07311702143258138,0.10572096796277956,168
2022-07-31,0.12263015761550938,0.07345990982826471,0.09558851765300122,169
2022-08-31,0.09742174649228684,0.07365741223288953,0.10371706161519503,170
2022-09-30,0.1302926445062095,0.0739438025567645,0.0929178728338118,171
2022-10-31,0.1550855338466114,0.07408030223080823,0.10917967157261119,172
2022-11-30,0.09357602704219704,0.07440522906477008,0.12324521264775568,173
2022-12-31,0.09941291254112028,0.07486890897730941,0.09657478094707331,174
2023-01-31,0.09781667774960211,0.07497580679482305,0.09732599002044878,175
2023-02-28,0.08566460849456209,0.07511465398656339,0.09548093875915901,176
2023-03-31,0.057410207343838296,0.0752429140078235,0.088957134088368,177
2023-04-30,0.11350031519052202,0.0753014628532546,0.07411100552188266,178
2023-05-31,0.07163613933849329,0.07520151170515732,0.09849525894021388,179
2023-06-30,0.07393801662809238,0.07541428283563155,0.07933245323796,180
2023-07-31,0.08831126576213655,0.07539340911465289,0.07975705809310189,181
2023-08-31,0.056118103539138174,0.07538541245263883,0.08486830331327477,182
2023-09-30,0.07417867757015086,0.07545604553083281,0.07000992996102734,183
2023-10-31,0.07513976401456389,0.07535094802000838,0.07670042573676228,184
2023-11-30,0.07206955479445827,0.07534461142298213,0.0756858077271006,185
2023-12-31,0.08722238072452197,0.07534351009282934,0.07445268720238019,186
2024-01-31,0.07723548969282851,0.07532600231048511,0.08110044293916416,187
2024-02-29,0.0909869046293482,0.07538928091907042,0.07664084847038172,188
2024-03-31,0.09643229107548723,0.07539904921946068,0.08307781930665506,189
2024-04-30,0.07707473610761319,0.07548109056372324,0.08628295662673496,190
2024-05-31,0.07791951711363966,0.07559078271299949,0.07754153900964822,191
2024-06-30,0.14383096277608587,0.07559851163692975,0.07760228530317187,192
2024-07-31,0.15061763119410687,0.07561053757204225,0.10806821039817469,193
2024-08-31,0.1260938298427256,0.07596218924835176,0.11420308166388962,194
2024-09-30,0.09344197323911212,0.0763450376685864,0.10661420006959527,195
2024-10-31,0.07371496866839901,0.0765988580368218,0.0912163702790058,196
2024-11-30,0.0908079524047389,0.07668435608353394,0.08018424299300814,197
2024-12-31,0.1209262538477294,0.0766693591773969,0.08726879169972138,198
2025-01-31,0.09505202904838563,0.07674040738456946,0.1020352243006525,199
2025-02-28,0.11624830461151697,0.07696133661688526,0.09133489014066681,200
2025-03-31,0.2523919108768606,0.0770513400618181,0.10171954165148628,201
2025-04-30,0.09886095032072528,0.077245384440777,0.16852556333397162,202
2025-05-31,0.07298396870745952,0.07810817521139811,0.10248954557668305,203
2025-06-30,0.05597831947272482,0.07820990450114972,0.09182213338969068,204
2025-07-31,0.06831515835720393,0.07818441213142441,0.07615379051813272,205
2025-08-31,0.054823945386113536,0.07807661556512002,0.07881997498871106,206
2025-09-30,0.11989337838959689,0.07802945876701417,0.07136547230700699,207
2025-10-31,0.11460166549590615,0.07791789379883673,0.10031768393242943,208
2025-11-30,0.08532685593382955,0.07811873343802699,0.10011798049141607,209
2025-12-31,0.09073800030663706,0.07829246168592163,0.0879472588322239,210
2026-01-31,0.09559981578820727,0.07832580004728612,0.08926970941430987,211
2026-02-28,0.13023208658323907,0.07838434816171702,0.09116937485700796,212
2026-03-31,0.11140930752233284,0.07846517195339069,0.10689037279835534,213
2026-04-30,0.1326765508886184,0.07870707342362362,0.09677636216358156,214
2026-05-31,0.2257894720364535,0.07885917683803623,0.10702573905085541,215
2026-06-30,0.18299112032625478,0.07910833134752966,0.1518634270620893,216
2026-07-31,0.11288221977257212,0.07978428130462147,0.1406016587787086,217
