observation_date,A34SIS
1992-01-01,2.04
1992-02-01,2.07
1992-03-01,2.03
1992-04-01,1.95
1992-05-01,1.94
1992-06-01,1.96
1992-07-01,1.91
1992-08-01,1.98
1992-09-01,1.98
1992-10-01,1.95
1992-11-01,1.93
1992-12-01,1.90
1993-01-01,1.89
1993-02-01,1.87
1993-03-01,1.87
1993-04-01,1.89
1993-05-01,1.89
1993-06-01,1.82
1993-07-01,1.85
1993-08-01,1.83
1993-09-01,1.81
1993-10-01,1.80
1993-11-01,1.77
1993-12-01,1.77
1994-01-01,1.75
1994-02-01,1.72
1994-03-01,1.78
1994-04-01,1.70
1994-05-01,1.71
1994-06-01,1.74
1994-07-01,1.68
1994-08-01,1.70
1994-09-01,1.72
1994-10-01,1.69
1994-11-01,1.64
1994-12-01,1.67
1995-01-01,1.66
1995-02-01,1.67
1995-03-01,1.66
1995-04-01,1.63
1995-05-01,1.60
1995-06-01,1.61
1995-07-01,1.66
1995-08-01,1.61
1995-09-01,1.61
1995-10-01,1.65
1995-11-01,1.63
1995-12-01,1.61
1996-01-01,1.75
1996-02-01,1.71
1996-03-01,1.63
1996-04-01,1.67
1996-05-01,1.63
1996-06-01,1.61
1996-07-01,1.63
1996-08-01,1.59
1996-09-01,1.58
1996-10-01,1.53
1996-11-01,1.49
1996-12-01,1.46
1997-01-01,1.51
1997-02-01,1.46
1997-03-01,1.42
1997-04-01,1.44
1997-05-01,1.47
1997-06-01,1.42
1997-07-01,1.45
1997-08-01,1.44
1997-09-01,1.44
1997-10-01,1.48
1997-11-01,1.52
1997-12-01,1.48
1998-01-01,1.56
1998-02-01,1.48
1998-03-01,1.50
1998-04-01,1.53
1998-05-01,1.54
1998-06-01,1.48
1998-07-01,1.50
1998-08-01,1.49
1998-09-01,1.42
1998-10-01,1.44
1998-11-01,1.41
1998-12-01,1.36
1999-01-01,1.37
1999-02-01,1.36
1999-03-01,1.41
1999-04-01,1.38
1999-05-01,1.37
1999-06-01,1.35
1999-07-01,1.32
1999-08-01,1.36
1999-09-01,1.38
1999-10-01,1.35
1999-11-01,1.36
1999-12-01,1.42
2000-01-01,1.36
2000-02-01,1.38
2000-03-01,1.37
2000-04-01,1.35
2000-05-01,1.36
2000-06-01,1.40
2000-07-01,1.42
2000-08-01,1.41
2000-09-01,1.38
2000-10-01,1.44
2000-11-01,1.49
2000-12-01,1.47
2001-01-01,1.56
2001-02-01,1.58
2001-03-01,1.60
2001-04-01,1.73
2001-05-01,1.75
2001-06-01,1.72
2001-07-01,1.75
2001-08-01,1.78
2001-09-01,1.71
2001-10-01,1.69
2001-11-01,1.65
2001-12-01,1.56
2002-01-01,1.63
2002-02-01,1.60
2002-03-01,1.60
2002-04-01,1.60
2002-05-01,1.58
2002-06-01,1.61
2002-07-01,1.62
2002-08-01,1.61
2002-09-01,1.66
2002-10-01,1.67
2002-11-01,1.61
2002-12-01,1.69
2003-01-01,1.60
2003-02-01,1.58
2003-03-01,1.58
2003-04-01,1.51
2003-05-01,1.49
2003-06-01,1.45
2003-07-01,1.44
2003-08-01,1.41
2003-09-01,1.37
2003-10-01,1.34
2003-11-01,1.35
2003-12-01,1.34
2004-01-01,1.32
2004-02-01,1.32
2004-03-01,1.33
2004-04-01,1.31
2004-05-01,1.31
2004-06-01,1.33
2004-07-01,1.30
2004-08-01,1.31
2004-09-01,1.32
2004-10-01,1.28
2004-11-01,1.27
2004-12-01,1.25
2005-01-01,1.30
2005-02-01,1.31
2005-03-01,1.28
2005-04-01,1.32
2005-05-01,1.33
2005-06-01,1.32
2005-07-01,1.38
2005-08-01,1.36
2005-09-01,1.37
2005-10-01,1.41
2005-11-01,1.42
2005-12-01,1.36
2006-01-01,1.49
2006-02-01,1.34
2006-03-01,1.37
2006-04-01,1.45
2006-05-01,1.39
2006-06-01,1.39
2006-07-01,1.46
2006-08-01,1.42
2006-09-01,1.41
2006-10-01,1.46
2006-11-01,1.42
2006-12-01,1.43
2007-01-01,1.45
2007-02-01,1.40
2007-03-01,1.42
2007-04-01,1.40
2007-05-01,1.40
2007-06-01,1.37
2007-07-01,1.42
2007-08-01,1.35
2007-09-01,1.37
2007-10-01,1.39
2007-11-01,1.35
2007-12-01,1.35
2008-01-01,1.32
2008-02-01,1.36
2008-03-01,1.39
2008-04-01,1.38
2008-05-01,1.36
2008-06-01,1.39
2008-07-01,1.39
2008-08-01,1.44
2008-09-01,1.41
2008-10-01,1.47
2008-11-01,1.52
2008-12-01,1.45
2009-01-01,1.62
2009-02-01,1.62
2009-03-01,1.58
2009-04-01,1.63
2009-05-01,1.63
2009-06-01,1.57
2009-07-01,1.49
2009-08-01,1.51
2009-09-01,1.53
2009-10-01,1.48
2009-11-01,1.49
2009-12-01,1.55
2010-01-01,1.44
2010-02-01,1.51
2010-03-01,1.55
2010-04-01,1.45
2010-05-01,1.50
2010-06-01,1.63
2010-07-01,1.49
2010-08-01,1.54
2010-09-01,1.55
2010-10-01,1.55
2010-11-01,1.51
2010-12-01,1.58
2011-01-01,1.53
2011-02-01,1.56
2011-03-01,1.65
2011-04-01,1.57
2011-05-01,1.61
2011-06-01,1.66
2011-07-01,1.67
2011-08-01,1.60
2011-09-01,1.65
2011-10-01,1.64
2011-11-01,1.64
2011-12-01,1.72
2012-01-01,1.64
2012-02-01,1.61
2012-03-01,1.76
2012-04-01,1.69
2012-05-01,1.64
2012-06-01,1.67
2012-07-01,1.72
2012-08-01,1.83
2012-09-01,1.77
2012-10-01,1.74
2012-11-01,1.75
2012-12-01,1.72
2013-01-01,1.74
2013-02-01,1.70
2013-03-01,1.65
2013-04-01,1.67
2013-05-01,1.65
2013-06-01,1.66
2013-07-01,1.70
2013-08-01,1.68
2013-09-01,1.65
2013-10-01,1.66
2013-11-01,1.64
2013-12-01,1.66
2014-01-01,1.63
2014-02-01,1.66
2014-03-01,1.63
2014-04-01,1.60
2014-05-01,1.66
2014-06-01,1.62
2014-07-01,1.61
2014-08-01,1.65
2014-09-01,1.66
2014-10-01,1.70
2014-11-01,1.74
2014-12-01,1.69
2015-01-01,1.73
2015-02-01,1.75
2015-03-01,1.70
2015-04-01,1.69
2015-05-01,1.71
2015-06-01,1.69
2015-07-01,1.73
2015-08-01,1.72
2015-09-01,1.70
2015-10-01,1.73
2015-11-01,1.73
2015-12-01,1.75
2016-01-01,1.76
2016-02-01,1.75
2016-03-01,1.76
2016-04-01,1.75
2016-05-01,1.75
2016-06-01,1.75
2016-07-01,1.73
2016-08-01,1.72
2016-09-01,1.74
2016-10-01,1.73
2016-11-01,1.71
2016-12-01,1.69
2017-01-01,1.69
2017-02-01,1.75
2017-03-01,1.73
2017-04-01,1.75
2017-05-01,1.74
2017-06-01,1.73
2017-07-01,1.73
2017-08-01,1.72
2017-09-01,1.71
2017-10-01,1.72
2017-11-01,1.70
2017-12-01,1.70
2018-01-01,1.69
2018-02-01,1.75
2018-03-01,1.76
2018-04-01,1.73
2018-05-01,1.73
2018-06-01,1.73
2018-07-01,1.73
2018-08-01,1.74
2018-09-01,1.78
2018-10-01,1.74
2018-11-01,1.74
2018-12-01,1.79
2019-01-01,1.78
2019-02-01,1.77
2019-03-01,1.78
2019-04-01,1.73
2019-05-01,1.74
2019-06-01,1.77
2019-07-01,1.78
2019-08-01,1.80
2019-09-01,1.84
2019-10-01,1.85
2019-11-01,1.85
2019-12-01,1.84
2020-01-01,1.89
2020-02-01,1.88
2020-03-01,1.91
2020-04-01,1.94
2020-05-01,1.94
2020-06-01,1.93
2020-07-01,1.89
2020-08-01,1.86
2020-09-01,1.81
2020-10-01,1.82
2020-11-01,1.82
2020-12-01,1.82
2021-01-01,1.80
2021-02-01,1.83
2021-03-01,1.82
2021-04-01,1.81
2021-05-01,1.84
2021-06-01,1.88
2021-07-01,1.89
2021-08-01,1.89
2021-09-01,1.93
2021-10-01,1.96
2021-11-01,1.99
2021-12-01,1.99
2022-01-01,2.00
2022-02-01,2.00
2022-03-01,2.05
2022-04-01,2.06
2022-05-01,2.08
2022-06-01,2.10
2022-07-01,2.13
2022-08-01,2.14
2022-09-01,2.18
2022-10-01,2.22
2022-11-01,2.23
2022-12-01,2.27
2023-01-01,2.25
2023-02-01,2.27
2023-03-01,2.27
2023-04-01,2.27
2023-05-01,2.26
2023-06-01,2.26
2023-07-01,2.25
2023-08-01,2.24
2023-09-01,2.24
2023-10-01,2.22
2023-11-01,2.23
2023-12-01,2.26
2024-01-01,2.23
2024-02-01,2.25
2024-03-01,2.26
2024-04-01,2.24
2024-05-01,2.25
2024-06-01,2.25
2024-07-01,2.23
2024-08-01,2.24
2024-09-01,2.21
2024-10-01,2.19
2024-11-01,2.19
2024-12-01,2.17
2025-01-01,2.16
2025-02-01,2.13
2025-03-01,2.13
2025-04-01,2.14
2025-05-01,2.12
2025-06-01,2.12
2025-07-01,2.12
2025-08-01,2.13
2025-09-01,2.13
2025-10-01,2.12
2025-11-01,2.11
2025-12-01,2.09
2026-01-01,2.06
2026-02-01,2.04
2026-03-01,2.03
2026-04-01,2.02
2026-05-01,2.01
2026-06-01,1.97
2026-07-01,2.00
